file,namespace,types,reason,bytes,sha256
scripts/asmdef_conf_fat/fat/conf/Data.cs,fat.conf,Data,核心配置访问器,642667,f1ba16a41ed2e5204a7656c1aceedf6cf7fd1badb98f7e764d6e46b1a70b32db
scripts/asmdef_conf_fat/fat/gamekitdata/AnyState.cs,fat.gamekitdata,AnyState,二合存档协议,547,0833efcefa7ff1e4918f47dda54f62f82fd40e1fa68dee668b706b165d4a374a
scripts/asmdef_conf_fat/fat/gamekitdata/ComActiveSource.cs,fat.gamekitdata,ComActiveSource,二合存档协议,575,6ed4a10ee0527153ee47e0b152e95f2d2acf9e14ef547007ba0c40b99a835f3a
scripts/asmdef_conf_fat/fat/gamekitdata/ComActivity.cs,fat.gamekitdata,ComActivity,二合存档协议,582,23dc53425cbdcd50ef358d996f6afdf431e3a703e544af146cdff1d0da512474
scripts/asmdef_conf_fat/fat/gamekitdata/ComActivityToken.cs,fat.gamekitdata,ComActivityToken,二合存档协议,719,355f3bc007b5ed8deefc9f0987a0dc4785b81f554ecbb8efb913c5572aa8af66
scripts/asmdef_conf_fat/fat/gamekitdata/ComAutoSource.cs,fat.gamekitdata,ComAutoSource,二合存档协议,696,31d3c87667a002d7e3f8665dea131c816b18516503cf9af60893acec6fdc4a27
scripts/asmdef_conf_fat/fat/gamekitdata/ComBox.cs,fat.gamekitdata,ComBox,二合存档协议,521,95aaf722199af8b32d48c198b6cc8bc5b20200e9d4b0d13896d1dc4ed29a3264
scripts/asmdef_conf_fat/fat/gamekitdata/ComBubble.cs,fat.gamekitdata,ComBubble,二合存档协议,576,12cf4a0043180b8182b5ea33d76f42f7d7ae5fbdb5bc47454cc952e8c3add5e2
scripts/asmdef_conf_fat/fat/gamekitdata/ComChest.cs,fat.gamekitdata,ComChest,二合存档协议,556,e41116975873f79f22cc4cf4d3aca5c757894797a910c3a0872af537db490620
scripts/asmdef_conf_fat/fat/gamekitdata/ComChoiceBox.cs,fat.gamekitdata,ComChoiceBox,二合存档协议,978,9456da9b45e58eb938bb9637f86b3480e782de0df7bbeb8fa0913d4c7b9eca42
scripts/asmdef_conf_fat/fat/gamekitdata/ComClickSource.cs,fat.gamekitdata,ComClickSource,二合存档协议,877,6a2e9b7bebd5edacc9e5ca6fd8c3bd8daa3172b4248436bda6b5a4a90883dcdc
scripts/asmdef_conf_fat/fat/gamekitdata/ComEatingSource.cs,fat.gamekitdata,ComEatingSource,二合存档协议,845,8cacc22d8cd7e703c189216b9be9714a1b65ab23b2db90fe065c78a783778eb8
scripts/asmdef_conf_fat/fat/gamekitdata/ComMixSource.cs,fat.gamekitdata,ComMixSource,二合存档协议,857,3d9a2913f932c0024cf9903c9db399d162b3c5e15df00137f0e0e2be2f3f57cc
scripts/asmdef_conf_fat/fat/gamekitdata/ComSkill.cs,fat.gamekitdata,ComSkill,二合存档协议,563,77e621e3b315d96cb0927bb69803e11e883f98e9150293b684d7e6d13499d53e
scripts/asmdef_conf_fat/fat/gamekitdata/ComSpecialBox.cs,fat.gamekitdata,ComSpecialBox,二合存档协议,563,b42d9021ef492955a80b3e3290d9154cca0552b3e68554fe19b4ee0c9cf90e52
scripts/asmdef_conf_fat/fat/gamekitdata/ComToolSource.cs,fat.gamekitdata,ComToolSource,二合存档协议,590,8579741f30a3f5ff16103b200970cfd6f511ba64655b4d4de649028c438461da
scripts/asmdef_conf_fat/fat/gamekitdata/ComTrigSource.cs,fat.gamekitdata,ComTrigSource,二合存档协议,566,3cd97813ec0dc105531401b875d4b3adec950c340d3867cae0353609009ddb29
scripts/asmdef_conf_fat/fat/gamekitdata/GirdRewardData.cs,fat.gamekitdata,GirdRewardData,二合存档协议,656,2e31758332670158fcb04f9289f889538568201be4c77e2ddddb5b6876b3b8a1
scripts/asmdef_conf_fat/fat/gamekitdata/GirdRewardInfo.cs,fat.gamekitdata,GirdRewardInfo,二合存档协议,780,176ee1a0c739bc7084e3be1d77fe4927b51a3cb813708a5915d29cba78120255
scripts/asmdef_conf_fat/fat/gamekitdata/JumpCD.cs,fat.gamekitdata,JumpCD,二合存档协议,551,ea2da823d5bb7ddbd08b156ae2547f044d0dfd19f04a354606cbc9d38921a263
scripts/asmdef_conf_fat/fat/gamekitdata/Merge.cs,fat.gamekitdata,Merge,二合存档协议,2134,1d495b13c45235d7570925e9a501651c7fccb6f5ab8691495c6d25ec5553078c
scripts/asmdef_conf_fat/fat/gamekitdata/MergeBag.cs,fat.gamekitdata,MergeBag,二合存档协议,830,9dc3d3be76549f1a13ffcaaa60b8635215b476c9ad10fc51877c6a4f6472e179
scripts/asmdef_conf_fat/fat/gamekitdata/MergeGlobal.cs,fat.gamekitdata,MergeGlobal,二合存档协议,1334,fcef082162684c864695e406661ca273399faffc7db277a0ded66530c2b0064c
scripts/asmdef_conf_fat/fat/gamekitdata/MergeItem.cs,fat.gamekitdata,MergeItem,二合存档协议,1231,d09694a9519b06b8227c889f857091596f630388e4aa547bba80643c71341cef
scripts/asmdef_conf_fat/fat/gamekitdata/Order.cs,fat.gamekitdata,Order,二合存档协议,528,fbdd5b756f731ffdf6bc88585a9d019869c56cf21099b26bd58ee5cb7f58a8a7
scripts/asmdef_conf_fat/fat/gamekitdata/OrderBox.cs,fat.gamekitdata,OrderBox,二合存档协议,566,773026b0cbe07e933c2d0e493794cafac8201dd7a208dd4a390671ebeebc4bed
scripts/asmdef_conf_fat/fat/gamekitdata/RandomOutputParam.cs,fat.gamekitdata,RandomOutputParam,二合存档协议,617,57ddeacfb9387977aec3e91d9f09f30279bad78c3d2ea85a32b50e9f94f6a26f
scripts/asmdef_conf_fat/fat/gamekitdata/RandomParam.cs,fat.gamekitdata,RandomParam,二合存档协议,819,fe79a86acf10ee8e77576527a7dccf7b6353287ad030f5d14bb3ecc7779bbeae
scripts/asmdef_conf_fat/fat/gamekitdata/TokenMulti.cs,fat.gamekitdata,TokenMulti,二合存档协议,579,ac1d7c4ed9168cf755e559f66c9b3a0c0eee0f7d0be21cc0965e0d62f8bfe1cf
scripts/asmdef_conf_fat/fat/rawdata/AutoFinger.cs,fat.rawdata,AutoFinger,棋盘/物品配置声明,616,f7d0827381df21f06d9c71d58d6c4d75a04567d8a2610cfcdae2fe7123f5f275
scripts/asmdef_conf_fat/fat/rawdata/AutoFingerInfo.cs,fat.rawdata,AutoFingerInfo,棋盘/物品配置声明,792,1e45069f9ca55b10c821072ddef445292915e7eb34e2f3a55b226b6ec4293901
scripts/asmdef_conf_fat/fat/rawdata/BoardBasic.cs,fat.rawdata,BoardBasic,棋盘/物品配置声明,1038,4cd2e3beb243e14a024141c31ed946e9751d2fd4e0a2b5563a735b979ff534e0
scripts/asmdef_conf_fat/fat/rawdata/BoardSkin.cs,fat.rawdata,BoardSkin,棋盘/物品配置声明,907,87d46c3ceedd85df322bae6dce68d7cb556ec8d5ca1366ec8294dfed3ec55baa
scripts/asmdef_conf_fat/fat/rawdata/BubbleSpawn.cs,fat.rawdata,BubbleSpawn,棋盘/物品配置声明,885,eeffa01973c3ce16e89a59ae70c4d47539411d2abcb5e79c21bcdfbe530fa58f
scripts/asmdef_conf_fat/fat/rawdata/ComMergeActiveSource.cs,fat.rawdata,ComMergeActiveSource,FAT.Merge 字段/签名直接引用; 棋盘/物品配置声明,768,02a7e036a91c7f2a2ccc4e7aeaefc154dc8758f3bd9aecced591a99ed671f9cc
scripts/asmdef_conf_fat/fat/rawdata/ComMergeAutoSource.cs,fat.rawdata,ComMergeAutoSource,FAT.Merge 字段/签名直接引用; 棋盘/物品配置声明,1691,a670e7dbbd26407c2a7f6c90f3811a1d2cf216635f08571dab404942dd0e3e14
scripts/asmdef_conf_fat/fat/rawdata/ComMergeBonus.cs,fat.rawdata,ComMergeBonus,FAT.Merge 字段/签名直接引用; 棋盘/物品配置声明,859,6579446083d0c69558e1cdaed1694818015cffc30c3e08710beb2868b5d79be5
scripts/asmdef_conf_fat/fat/rawdata/ComMergeBox.cs,fat.rawdata,ComMergeBox,FAT.Merge 字段/签名直接引用; 棋盘/物品配置声明,913,72bb5a41292d29486662c17a420ac8614e747855e4919cc53adbf889f42ed909
scripts/asmdef_conf_fat/fat/rawdata/ComMergeChest.cs,fat.rawdata,ComMergeChest,FAT.Merge 字段/签名直接引用; 棋盘/物品配置声明,1186,15f1185d02baf65bb885b76bbef8fe3a7857d9ffe26bedd2f817ad67e5b6f55e
scripts/asmdef_conf_fat/fat/rawdata/ComMergeChoiceBox.cs,fat.rawdata,ComMergeChoiceBox,FAT.Merge 字段/签名直接引用; 棋盘/物品配置声明,970,0521f5dc27db2a9370c3a0044763cbbc256c14a189d863fc841f59269cabf528
scripts/asmdef_conf_fat/fat/rawdata/ComMergeDying.cs,fat.rawdata,ComMergeDying,FAT.Merge 字段/签名直接引用; 棋盘/物品配置声明,1017,76b3bb53b4d95a46e832058c6b2df474518947c9197da7a3417394f49f6fe0c5
scripts/asmdef_conf_fat/fat/rawdata/ComMergeEat.cs,fat.rawdata,ComMergeEat,FAT.Merge 字段/签名直接引用; 棋盘/物品配置声明,1171,a279e4c4c44b180cc13fe858002ed06de78a1f33d0ef372106adf424e9ce0601
scripts/asmdef_conf_fat/fat/rawdata/ComMergeEatSource.cs,fat.rawdata,ComMergeEatSource,FAT.Merge 字段/签名直接引用; 棋盘/物品配置声明,1707,43495257e84e3e0b4ab681ea7689cc9533a451fdfe982c8500b5cac9abe9cfb7
scripts/asmdef_conf_fat/fat/rawdata/ComMergeFeature.cs,fat.rawdata,ComMergeFeature,FAT.Merge 字段/签名直接引用; 棋盘/物品配置声明,722,c038eebfb3760e0dd73f35a49bda4d0a691f6862f1ef9026ceeb46835291e843
scripts/asmdef_conf_fat/fat/rawdata/ComMergeJumpCD.cs,fat.rawdata,ComMergeJumpCD,FAT.Merge 字段/签名直接引用; 棋盘/物品配置声明,706,1f565ff6e6970bb1df8da67bd849bd692def222e008214c36f5b2f857d2189ba
scripts/asmdef_conf_fat/fat/rawdata/ComMergeMixSource.cs,fat.rawdata,ComMergeMixSource,FAT.Merge 字段/签名直接引用; 棋盘/物品配置声明,1460,12244971728723da746375bc5aade15511b6bb35eba6e3f70d16827ac47b271b
scripts/asmdef_conf_fat/fat/rawdata/ComMergeOrderBox.cs,fat.rawdata,ComMergeOrderBox,FAT.Merge 字段/签名直接引用; 棋盘/物品配置声明,840,3eb87b83163ce2d30288d8a23e2380be875244bfb733f73a8f3210f1838347a6
scripts/asmdef_conf_fat/fat/rawdata/ComMergeSkill.cs,fat.rawdata,ComMergeSkill,FAT.Merge 字段/签名直接引用; 棋盘/物品配置声明,1169,2e36997b886a34d7aa0566a2cd222d11c7a4cdf2edc4326631a69210af10ecb8
scripts/asmdef_conf_fat/fat/rawdata/ComMergeSpecialBox.cs,fat.rawdata,ComMergeSpecialBox,FAT.Merge 字段/签名直接引用; 棋盘/物品配置声明,837,7dd441524f04ce929d6dbb008e892467351ae59c4f6c5c8834e3a0e303eba302
scripts/asmdef_conf_fat/fat/rawdata/ComMergeTapSource.cs,fat.rawdata,ComMergeTapSource,FAT.Merge 字段/签名直接引用; 棋盘/物品配置声明,2092,0db86b51d8f520196de619ee8b6577931deaf1e1953cbb8ecc17eaebc97f0066
scripts/asmdef_conf_fat/fat/rawdata/ComMergeTimeSkip.cs,fat.rawdata,ComMergeTimeSkip,FAT.Merge 字段/签名直接引用; 棋盘/物品配置声明,698,800dc35d84b9cd36054a86a22701587cd0a0d3fdbfc5bbf31e8cbd77c0601f36
scripts/asmdef_conf_fat/fat/rawdata/ComMergeTokenMultiplier.cs,fat.rawdata,ComMergeTokenMultiplier,FAT.Merge 字段/签名直接引用; 棋盘/物品配置声明,960,051ca67900f2705545bff182b13a8f5c2f113a8e6f5ca630d6a640493ea898fb
scripts/asmdef_conf_fat/fat/rawdata/ComMergeToolSource.cs,fat.rawdata,ComMergeToolSource,FAT.Merge 字段/签名直接引用; 棋盘/物品配置声明,951,4feeb7da568e971e90727dde2ef3f18f3ae644ecdb24e8752303d16d823dec72
scripts/asmdef_conf_fat/fat/rawdata/ComTapBonus.cs,fat.rawdata,ComTapBonus,FAT.Merge 字段/签名直接引用; 棋盘/物品配置声明,717,91aa2376b4b61594b6748689970a441d8e850151c189f74a596b6bcc63fefd1d
scripts/asmdef_conf_fat/fat/rawdata/ComTrigAutoDetail.cs,fat.rawdata,ComTrigAutoDetail,棋盘/物品配置声明,795,819ab59b6cecc5aa6eac13fe1d6e043b6aa94313bb984832d0af0b0b867bede5
scripts/asmdef_conf_fat/fat/rawdata/ComTrigAutoSource.cs,fat.rawdata,ComTrigAutoSource,FAT.Merge 字段/签名直接引用; 棋盘/物品配置声明,1040,b61d0af3ea923d3b2f985c33f6dbfd8196633df70513f39c0131b8d3c0bb49d2
scripts/asmdef_conf_fat/fat/rawdata/DiningBoardGroup.cs,fat.rawdata,DiningBoardGroup,所保留活动棋盘直接配置,1927,c2e399d2d9e710f828069632bc5251c180ba14d3a674ad12444b2e8eb554d0f5
scripts/asmdef_conf_fat/fat/rawdata/DropLimitItem.cs,fat.rawdata,DropLimitItem,FAT.Merge 字段/签名直接引用; 棋盘/物品配置声明,733,956b92af8b72ce4b40b1d8e8c5e7bfb56136b628982d80e0383fcf01d73983c2
scripts/asmdef_conf_fat/fat/rawdata/EnergyBoost.cs,fat.rawdata,EnergyBoost,FAT.Merge 字段/签名直接引用; 棋盘/物品配置声明,878,7d4525e8e0e9219f3e079cfd5684961bfe73dab35fe414a975d78d6df412173a
scripts/asmdef_conf_fat/fat/rawdata/EventAreaBoard.cs,fat.rawdata,EventAreaBoard,所保留活动棋盘直接配置,1012,13bbd9890a4df424cf000d59b9f8ac76b9cbdd53fbd7a21d58186aba1d10e6ac
scripts/asmdef_conf_fat/fat/rawdata/EventAreaBoardGroup.cs,fat.rawdata,EventAreaBoardGroup,所保留活动棋盘直接配置,2296,8838302d286108f11db7adf9e12ae1fe75a13729e00935d17e08583aa8570fe2
scripts/asmdef_conf_fat/fat/rawdata/EventAreaMilestone.cs,fat.rawdata,EventAreaMilestone,所保留二合扩展直接配置,913,34fef36d5f1287e2c8d87588b09bf2816106affc34ba739675dcae97eb301cb0
scripts/asmdef_conf_fat/fat/rawdata/EventDiningBoard.cs,fat.rawdata,EventDiningBoard,所保留活动棋盘直接配置,1057,b0f3090aaeb74adb8e35a7adc37f257622f16ef6c6b8fd1fe7740ec19e45cce8
scripts/asmdef_conf_fat/fat/rawdata/EventFarmBoard.cs,fat.rawdata,EventFarmBoard,所保留活动棋盘直接配置,994,90f47e413f8af889501c0e1d4f74be2bba99011feadc0d1f61d2965ac0b52e11
scripts/asmdef_conf_fat/fat/rawdata/EventFarmBoardAnimal.cs,fat.rawdata,EventFarmBoardAnimal,所保留活动棋盘直接配置,833,465596392a2c84b6ef02cfc330684433aa29980e60554cc555d53aff4ddbba63
scripts/asmdef_conf_fat/fat/rawdata/EventFarmBoardGroup.cs,fat.rawdata,EventFarmBoardGroup,所保留活动棋盘直接配置,1606,60def212394f1ea968c7fea74f543dfbec02cdd0be04d68ff86d765712da3406
scripts/asmdef_conf_fat/fat/rawdata/EventFarmDrop.cs,fat.rawdata,EventFarmDrop,所保留活动棋盘直接配置,1037,94fc5bc09abb94ab1815d55a3b9dcbca7aa2a4d0e161a5bf2ca46cd9d7dc4568
scripts/asmdef_conf_fat/fat/rawdata/EventFarmItemDrop.cs,fat.rawdata,EventFarmItemDrop,所保留活动棋盘直接配置,1026,1f4d259e395bee5e702711a819b12a7fd66fa1df5cd8af4c102458287122a274
scripts/asmdef_conf_fat/fat/rawdata/EventFestBoard.cs,fat.rawdata,EventFestBoard,所保留活动棋盘直接配置,1040,aabfe258848719bf356178e3bb9ff8ecdcd672b8e0600bb8d21b2dd5a342ce73
scripts/asmdef_conf_fat/fat/rawdata/EventFight.cs,fat.rawdata,EventFight,所保留活动棋盘直接配置,1327,acc366ad81c72bf8dd8629d88b955676d026d297dde397206c330f1516de838f
scripts/asmdef_conf_fat/fat/rawdata/EventFightDetail.cs,fat.rawdata,EventFightDetail,所保留活动棋盘直接配置,1223,e344cf331ffe97670c0bca6ac7297391f28c895d638ecc6fdc5d2ccdaf496431
scripts/asmdef_conf_fat/fat/rawdata/EventFightLevel.cs,fat.rawdata,EventFightLevel,所保留活动棋盘直接配置,1449,1e2a0594dac0919201545b9cc1c9ff221bc27be5adcb1e84e95b2c56d3c96314
scripts/asmdef_conf_fat/fat/rawdata/EventFish.cs,fat.rawdata,EventFish,所保留活动棋盘直接配置,1191,f3d9eba10ab80112a493b53136b7e8dc5020828f086e7c0ec103c157f3cc7599
scripts/asmdef_conf_fat/fat/rawdata/EventFishDetail.cs,fat.rawdata,EventFishDetail,所保留活动棋盘直接配置,1227,66ca9f1878ee625af94f4c73170a215b26dc77093cdfd9d629cda2b099119cdb
scripts/asmdef_conf_fat/fat/rawdata/EventFishMilestone.cs,fat.rawdata,EventFishMilestone,所保留活动棋盘直接配置,1507,eaf219b448c15178b7375addd447e81ed3f49f29e6f1bac5cf5e8602e135973c
scripts/asmdef_conf_fat/fat/rawdata/EventIndepenBingo.cs,fat.rawdata,EventIndepenBingo,所保留活动棋盘直接配置,1280,88c9ffedeba65c3fbd38249d06c3880d41006664fa86cbd959d37721deaa63c2
scripts/asmdef_conf_fat/fat/rawdata/EventIndepenBingoDetail.cs,fat.rawdata,EventIndepenBingoDetail,所保留活动棋盘直接配置,873,18f89f81386e0189e7a0987b12b1facd874f435323d935ba6514ab7ed8e1906d
scripts/asmdef_conf_fat/fat/rawdata/EventIndepenBingoRound.cs,fat.rawdata,EventIndepenBingoRound,所保留活动棋盘直接配置,847,e4a07529c6b781f8d6fb45e50a5f7f21237ab35cef4d74fd6345dc7ea34c0fdb
scripts/asmdef_conf_fat/fat/rawdata/EventLongOrder.cs,fat.rawdata,EventLongOrder,所保留二合扩展直接配置,1050,4cb7f475cd15d01f88222cc6ef0e5bd7a3d8b3c2eddd79f38deb48c940b95594
scripts/asmdef_conf_fat/fat/rawdata/EventMagicOrder.cs,fat.rawdata,EventMagicOrder,所保留二合扩展直接配置,818,b28c151630ce16980801920127e83102d8eb79f1c9afde4242d53602ab44f99e
scripts/asmdef_conf_fat/fat/rawdata/EventMagicOrderRwd.cs,fat.rawdata,EventMagicOrderRwd,所保留二合扩展直接配置,1386,6046ab20eb9aab8876266fa9fe708969aa895065a651f6b3c320d3330221956f
scripts/asmdef_conf_fat/fat/rawdata/EventMine.cs,fat.rawdata,EventMine,所保留活动棋盘直接配置,1259,d6e978a9e50dee124e7c7eb9ca7ee49c57d1324f94d870e3e35a994fe997d6c0
scripts/asmdef_conf_fat/fat/rawdata/EventMineCart.cs,fat.rawdata,EventMineCart,所保留活动棋盘直接配置,1304,df2264656e4e2f78d70b00752aa0fcefb9bcf3beb11b7f219a157f1f96e1f7ba
scripts/asmdef_conf_fat/fat/rawdata/EventMineCartDetail.cs,fat.rawdata,EventMineCartDetail,所保留活动棋盘直接配置,1258,6d5ac010975155f4eeb6eac42c2d776fc56a3ee1964e0276f612ba50c83c3e53
scripts/asmdef_conf_fat/fat/rawdata/EventMineCartDrop.cs,fat.rawdata,EventMineCartDrop,所保留活动棋盘直接配置,1061,ab595a491c469bf4ee00f81116a0864d93037bd81665731a10e9d63ac73f6472
scripts/asmdef_conf_fat/fat/rawdata/EventMineCartRound.cs,fat.rawdata,EventMineCartRound,所保留活动棋盘直接配置,1279,5971429c8cf46b7de38858ed2dce6e86d8472c743a73fb0e3b1dd764bef243ee
scripts/asmdef_conf_fat/fat/rawdata/EventMineDrop.cs,fat.rawdata,EventMineDrop,所保留活动棋盘直接配置,944,9c17124d65bd7c181d398a36efb609f3472f2f94436e8ab78701f1ce9d6d77c1
scripts/asmdef_conf_fat/fat/rawdata/EventMineGroup.cs,fat.rawdata,EventMineGroup,所保留活动棋盘直接配置,1456,eab2d9009749bb2684a8a3ff7e48ae563ed4186148c02efd69b7239df009db28
scripts/asmdef_conf_fat/fat/rawdata/EventMineReward.cs,fat.rawdata,EventMineReward,所保留活动棋盘直接配置,859,761d5b2b1ba5d27aa8a7a5422763b5de44d1713e64700674ecaf0c7cf6037ee0
scripts/asmdef_conf_fat/fat/rawdata/EventMiniBoard.cs,fat.rawdata,EventMiniBoard,所保留活动棋盘直接配置,812,98426b2928a298faf519e0929e4dde9f0f986f75225dac53c5a60ef5b49bc328
scripts/asmdef_conf_fat/fat/rawdata/EventMiniBoardDetail.cs,fat.rawdata,EventMiniBoardDetail,所保留活动棋盘直接配置,1000,d4c77e7d5d3024c25f298d2bce302c1f6fd6e8325a46a28de14871d38d983da1
scripts/asmdef_conf_fat/fat/rawdata/EventMiniBoardMulti.cs,fat.rawdata,EventMiniBoardMulti,所保留活动棋盘直接配置,955,cef3bc266af62c117254d67d29831dd9937dbc30e9d4bfc17833e34c8aa107f3
scripts/asmdef_conf_fat/fat/rawdata/EventMiniBoardMultiGroup.cs,fat.rawdata,EventMiniBoardMultiGroup,所保留活动棋盘直接配置,1033,dac99a6aa207ea275cad6b5dc16db5cd8aa360b58b207e22c5ec5bc09166009f
scripts/asmdef_conf_fat/fat/rawdata/EventMiniBoardMultiInfo.cs,fat.rawdata,EventMiniBoardMultiInfo,所保留活动棋盘直接配置,1185,28270b99ce89447f952db5130d82176798d9c372d2770d331fcb7c0ff07e8606
scripts/asmdef_conf_fat/fat/rawdata/EventMonopoly.cs,fat.rawdata,EventMonopoly,所保留活动棋盘直接配置,1086,36af5f8581a1668e11c581280ac944934462296a3fa0eb5fa0de14502f44654f
scripts/asmdef_conf_fat/fat/rawdata/EventMonopolyDetail.cs,fat.rawdata,EventMonopolyDetail,所保留活动棋盘直接配置,1240,766489f03b317e5b0b4fe01e3b5c1b189e78b3029b5713043707191987ff5978
scripts/asmdef_conf_fat/fat/rawdata/EventOrderLike.cs,fat.rawdata,EventOrderLike,所保留二合扩展直接配置,1497,bd3f05997c4e0008d37c9286f1b9d7fc71a032fa4c995cf29306b9b372d5fcbc
scripts/asmdef_conf_fat/fat/rawdata/EventOrderLikeDetail.cs,fat.rawdata,EventOrderLikeDetail,所保留二合扩展直接配置,1244,78abb8752c0cd9f867ee2a5aca1bbb5add5c0140c5e5d31b18f5b0674450ff2e
scripts/asmdef_conf_fat/fat/rawdata/EventOrderRate.cs,fat.rawdata,EventOrderRate,所保留二合扩展直接配置,789,e426b164fc2a9d02758b3573bc7e366463500b69d1ee9e0def5a0b076d93fb4c
scripts/asmdef_conf_fat/fat/rawdata/EventOrderRateDetail.cs,fat.rawdata,EventOrderRateDetail,所保留二合扩展直接配置,941,1e9e3b4c3aec8592837d76120affcb5427ee1a905593766c3f90f49676eda9a4
scripts/asmdef_conf_fat/fat/rawdata/EventRescue.cs,fat.rawdata,EventRescue,所保留活动棋盘直接配置,1150,16229130c4db5eec0b7629ed060018a46f1e067e60ca94a0773f1ba009f19e8b
scripts/asmdef_conf_fat/fat/rawdata/EventRescueDetail.cs,fat.rawdata,EventRescueDetail,所保留活动棋盘直接配置,1384,917a975f1c8c6791dce6c28ed1ed27bba58130f7e40c9f00dd39cb0de2523e1f
scripts/asmdef_conf_fat/fat/rawdata/EventRescueDrop.cs,fat.rawdata,EventRescueDrop,所保留活动棋盘直接配置,954,9519faad65ec624c777f632619996726c8cb1c646efc36dccae841e10a82f42b
scripts/asmdef_conf_fat/fat/rawdata/EventRescueMS.cs,fat.rawdata,EventRescueMS,所保留活动棋盘直接配置,948,a9c0314467d16de0fcf3dda5edc9a2f1ea6d1d994134e137471604049d6d297c
scripts/asmdef_conf_fat/fat/rawdata/EventRescueStage.cs,fat.rawdata,EventRescueStage,所保留活动棋盘直接配置,1171,42bf27eace1170fc67b031d24550e0c12d996aefe9935bd96ad8f61c65f69d34
scripts/asmdef_conf_fat/fat/rawdata/EventRescueTarget.cs,fat.rawdata,EventRescueTarget,所保留活动棋盘直接配置,1022,c7d6f550ab4e542090fb39228a598af5d8f7d6ccee1593aefd6fb1c82e621d94
scripts/asmdef_conf_fat/fat/rawdata/EventScoreBoard.cs,fat.rawdata,EventScoreBoard,所保留活动棋盘直接配置,1051,4986541cf9ae071989a4455de0224dda386fb0d34bc4ee5ec349404608728d7d
scripts/asmdef_conf_fat/fat/rawdata/EventStep.cs,fat.rawdata,EventStep,所保留二合扩展直接配置,1299,1713449636d702269337131098ac1d5798738f0d214345a51c327e1213557b82
scripts/asmdef_conf_fat/fat/rawdata/EventStepDetail.cs,fat.rawdata,EventStepDetail,所保留二合扩展直接配置,966,6e1993012a44926fc3a301da07bda44973f2497eb10362f6eae14709f73f9c55
scripts/asmdef_conf_fat/fat/rawdata/EventStepTask.cs,fat.rawdata,EventStepTask,所保留二合扩展直接配置,1541,6ff6ff148cb95cace7ab4ed60e64997c0b594c93d7c7563486e8d251073297d6
scripts/asmdef_conf_fat/fat/rawdata/EventTileBingo.cs,fat.rawdata,EventTileBingo,所保留活动棋盘直接配置,1340,34d9b06d6bf2eeabfe048cc462967b2b41915aef004b2e1b7da282bb371c7005
scripts/asmdef_conf_fat/fat/rawdata/EventTileBingoDetail.cs,fat.rawdata,EventTileBingoDetail,所保留活动棋盘直接配置,881,9864c8d77b62c41146be834e832e89efddaf86969641799ce998c3dc8fb886cc
scripts/asmdef_conf_fat/fat/rawdata/EventTileBingoRound.cs,fat.rawdata,EventTileBingoRound,所保留活动棋盘直接配置,829,ac3c132c6c9a2817f8c6c9d8ef204633a2a90e7eb108ada0af5a8454d6820958
scripts/asmdef_conf_fat/fat/rawdata/EventTrainMission.cs,fat.rawdata,EventTrainMission,所保留活动棋盘直接配置,1234,e98fab8ef438f73b0d30c01b1f8189860cf6893faf5cf3a6c7aa4cf90ad73904
scripts/asmdef_conf_fat/fat/rawdata/EventTrainMissionRound.cs,fat.rawdata,EventTrainMissionRound,所保留活动棋盘直接配置,839,d3e1971d734b18f7c0d4ea66bfbec8b904702452e13c37d7f19e1acc5195f751
scripts/asmdef_conf_fat/fat/rawdata/EventWishBarReward.cs,fat.rawdata,EventWishBarReward,所保留二合扩展直接配置,893,b8a81830afd8da01bc071c5c51d9411bde3524fa61ae86d9021d8784bcbd3b9b
scripts/asmdef_conf_fat/fat/rawdata/EventWishBoard.cs,fat.rawdata,EventWishBoard,所保留活动棋盘直接配置,1191,63be8300d0f82248efcc68e8747af945bae5743719a9cbe3df706606dadfc36f
scripts/asmdef_conf_fat/fat/rawdata/EventWishBoardGroup.cs,fat.rawdata,EventWishBoardGroup,所保留活动棋盘直接配置,2031,08ecf42059a0b785b7b15f25034f3592b239dd5c31f05b378d3063b03d6dae0c
scripts/asmdef_conf_fat/fat/rawdata/EventWishDrop.cs,fat.rawdata,EventWishDrop,所保留二合扩展直接配置,1173,aa4a959ae03337bc97e01dd0cf468218ff3a8c472ab22d83231544b4e7a54a17
scripts/asmdef_conf_fat/fat/rawdata/EventWishMilestone.cs,fat.rawdata,EventWishMilestone,所保留二合扩展直接配置,878,e2168407cb09903e91c6e6c952f677a53afe760668289650fdadbfd600009d8a
scripts/asmdef_conf_fat/fat/rawdata/EventWishing.cs,fat.rawdata,EventWishing,所保留二合扩展直接配置,1053,db16b9e53dc471f43c299c8a3d751fc3500cda8161c7817380ecf5db35de845f
scripts/asmdef_conf_fat/fat/rawdata/FeatureEntry.cs,fat.rawdata,FeatureEntry,FAT.Merge 字段/签名直接引用; 棋盘/物品配置声明,14353,b9399d0f863f7b59834ce611980f0a0f4c59e9aaa3ffb054cf0c2404448fc1ea
scripts/asmdef_conf_fat/fat/rawdata/FestBoardGroup.cs,fat.rawdata,FestBoardGroup,所保留活动棋盘直接配置,2279,94cd83f698ce70ddbd6f2517520e39810e293aee45a2b608fc6531aedceecddf
scripts/asmdef_conf_fat/fat/rawdata/FestMapMilestone.cs,fat.rawdata,FestMapMilestone,所保留活动棋盘直接配置,884,c7a0d4552f2876d7fb724c36e0eda3086bab96b1e6caaf4f4207ea6c08a237a3
scripts/asmdef_conf_fat/fat/rawdata/FestScoreMilestone.cs,fat.rawdata,FestScoreMilestone,所保留活动棋盘直接配置,853,fa1a0645e212d6bc65dee066ab1696d0fdf687c5f5b59af65f5bd13f09bcf399
scripts/asmdef_conf_fat/fat/rawdata/FishInfo.cs,fat.rawdata,FishInfo,所保留活动棋盘直接配置,1134,3fbd242f9bee7803b4dec23edc91d54cf8b1410bc8f986c2686f2dbeeb63bdcb
scripts/asmdef_conf_fat/fat/rawdata/FishRarity.cs,fat.rawdata,FishRarity,所保留活动棋盘直接配置,802,79854f19ba6f903f5f2089531a0108479aabcc93c0cdfa59218f5640a597cdd5
scripts/asmdef_conf_fat/fat/rawdata/FogScoreDetail.cs,fat.rawdata,FogScoreDetail,所保留二合扩展直接配置,1523,f29f7334e028e41d5ef09ed1bf44dc7176f69c6e5cf2ffcabe3fc7a731474019
scripts/asmdef_conf_fat/fat/rawdata/FrozenItem.cs,fat.rawdata,FrozenItem,FAT.Merge 字段/签名直接引用; 棋盘/物品配置声明,714,5c0e9f7407441fcc4334a4f0d44a46b18bdf222162d53b20291508a79dc35e94
scripts/asmdef_conf_fat/fat/rawdata/FrozenItemDetail.cs,fat.rawdata,FrozenItemDetail,FAT.Merge 字段/签名直接引用; 棋盘/物品配置声明,1591,50875bc451891ea872710c5a50ab43a9555960263b76a0722c46d76e5341399f
scripts/asmdef_conf_fat/fat/rawdata/FuncType.cs,fat.rawdata,FuncType,FAT.Merge 字段/签名直接引用; 棋盘/物品配置声明,339,9bdb0385f404fea06cb5cd23f03d310ff829fce8be8d9aba8032d9c8fad6a109
scripts/asmdef_conf_fat/fat/rawdata/Global.cs,fat.rawdata,Global,FAT.Merge 字段/签名直接引用; 棋盘/物品配置声明,17336,90bf0eb8b4e52b6a682affcbccf9ffdcdf825557cd7225a040352d7e2b25c932
scripts/asmdef_conf_fat/fat/rawdata/GuideMerge.cs,fat.rawdata,GuideMerge,棋盘/物品配置声明,913,60be796550af948cdb095768f6e85ee004c81ddef8caa839f063191237766d50
scripts/asmdef_conf_fat/fat/rawdata/GuideMergeAction.cs,fat.rawdata,GuideMergeAction,棋盘/物品配置声明,1083,0ba0376c01b4b73ecb6807910c7d25e0d4d7113d2c20a76da9ece963331ece1e
scripts/asmdef_conf_fat/fat/rawdata/IndepenBingoBoard.cs,fat.rawdata,IndepenBingoBoard,所保留活动棋盘直接配置,1371,8f50c99cb75801d484a6dc57eb6e2ee004cec5a48fb7eb1ca568daea2baa1d55
scripts/asmdef_conf_fat/fat/rawdata/IndepenBingoGroupDetail.cs,fat.rawdata,IndepenBingoGroupDetail,所保留活动棋盘直接配置,969,4e364f8238fc9647252e9293109ca6d2e8aa142b04471c7053824423cfb023e2
scripts/asmdef_conf_fat/fat/rawdata/ItemReplace.cs,fat.rawdata,ItemReplace,FAT.Merge 字段/签名直接引用; 棋盘/物品配置声明,672,8869205c948e2349fc71e803dde6867bc765e67e2a82b6108ee6fcb70f03e923
scripts/asmdef_conf_fat/fat/rawdata/ItemSkin.cs,fat.rawdata,ItemSkin,棋盘/物品配置声明,902,bb893849c4504cf0840201e7486a909ae57b8a42062ffe0004ce3b83791dbb6b
scripts/asmdef_conf_fat/fat/rawdata/MergeBoard.cs,fat.rawdata,MergeBoard,棋盘/物品配置声明,1460,8099efd4e8f932f0d877317ca0f23147660063c10c4dd0547b1f14d886567251
scripts/asmdef_conf_fat/fat/rawdata/MergeBoardEnergy.cs,fat.rawdata,MergeBoardEnergy,棋盘/物品配置声明,1149,e0b9025bd64ffc13966b5c92d4c064ad0ed24d0782e4fa4f323c1469828b2f15
scripts/asmdef_conf_fat/fat/rawdata/MergeBoardGrp.cs,fat.rawdata,MergeBoardGrp,棋盘/物品配置声明,773,1247e8cf6c31a7488a990381b3db4129b4c074d61896a7ab5a630ded110aa20a
scripts/asmdef_conf_fat/fat/rawdata/MergeBoardOrder.cs,fat.rawdata,MergeBoardOrder,棋盘/物品配置声明,997,ba687a2e2d730bd0c141c7ca8904e8de0dfd088cdcbfb77e21d0479cdf6b649d
scripts/asmdef_conf_fat/fat/rawdata/MergeCloud.cs,fat.rawdata,MergeCloud,FAT.Merge 字段/签名直接引用; 棋盘/物品配置声明,936,a6fc73425568f91a7fce035d50058f329c1fc1c3ffa757ba3416cb7195b92094
scripts/asmdef_conf_fat/fat/rawdata/MergeDifficulty.cs,fat.rawdata,MergeDifficulty,棋盘/物品配置声明,874,d788b8781b20f4e8e88fd3cebe7e25a46a2b3df6352294bd3ea6bed4deac0d8c
scripts/asmdef_conf_fat/fat/rawdata/MergeFixedItem.cs,fat.rawdata,MergeFixedItem,FAT.Merge 字段/签名直接引用; 棋盘/物品配置声明,787,0da5fd881ec5843849263c376f6f10706747b306b1e1df03c3784506ade9c8ee
scripts/asmdef_conf_fat/fat/rawdata/MergeFixedOutput.cs,fat.rawdata,MergeFixedOutput,FAT.Merge 字段/签名直接引用; 棋盘/物品配置声明,799,0db9d63d3c9813fbef35f9cc44359f5838aabf51b61235f24304320f57592529
scripts/asmdef_conf_fat/fat/rawdata/MergeGridArea.cs,fat.rawdata,MergeGridArea,FAT.Merge 字段/签名直接引用; 棋盘/物品配置声明,923,95b3e80d0b55eec7e8353d11eb0cc641c2c7b1153305df342c113a9d167558d1
scripts/asmdef_conf_fat/fat/rawdata/MergeItemCategory.cs,fat.rawdata,MergeItemCategory,FAT.Merge 字段/签名直接引用; 棋盘/物品配置声明,1532,c5a849d00996019e228388c852a860f0a7ca122273662fa3a9ddc7e783840bda
scripts/asmdef_conf_fat/fat/rawdata/MergeMainLvArea.cs,fat.rawdata,MergeMainLvArea,FAT.Merge 字段/签名直接引用; 棋盘/物品配置声明,884,f1e9fad5f3793f9fd382c7d7d62a262555a46b28a0c6130ca27e50eae3f7709c
scripts/asmdef_conf_fat/fat/rawdata/MergeMainTileRwd.cs,fat.rawdata,MergeMainTileRwd,FAT.Merge 字段/签名直接引用; 棋盘/物品配置声明,851,12d471914a4e0724c812b2479f25fb17cba8532088001e5272bee4f07a402ffd
scripts/asmdef_conf_fat/fat/rawdata/MergeMixCost.cs,fat.rawdata,MergeMixCost,FAT.Merge 字段/签名直接引用; 棋盘/物品配置声明,883,8f1f2ed6b7b73e509ffd56cab5de87036a972322dd30e551abe3a8bf693281b0
scripts/asmdef_conf_fat/fat/rawdata/MergeRule.cs,fat.rawdata,MergeRule,FAT.Merge 字段/签名直接引用; 棋盘/物品配置声明,657,27abd3f9c4e74a9dcfcf68ba2fde6e0413667e474149c0eb734fb408ce80acb5
scripts/asmdef_conf_fat/fat/rawdata/MergeRuledOutput.cs,fat.rawdata,MergeRuledOutput,FAT.Merge 字段/签名直接引用; 棋盘/物品配置声明,931,af73acc0ada71548647cd1f7b29d450bf141c299eb322f36058b0118f5dcc510
scripts/asmdef_conf_fat/fat/rawdata/MergeTapCost.cs,fat.rawdata,MergeTapCost,FAT.Merge 字段/签名直接引用; 棋盘/物品配置声明,789,5d9f98ea6d3920abfc02dd1c47debc1d010f9507c23e23f90ce79544d4464fdf
scripts/asmdef_conf_fat/fat/rawdata/MicMilestone.cs,fat.rawdata,MicMilestone,所保留二合扩展直接配置,1060,148203a1532904330bbbef594728a17e9cfb3aa5b677f4c1aee6e2df1cb2f1b3
scripts/asmdef_conf_fat/fat/rawdata/MicMilestoneDetail.cs,fat.rawdata,MicMilestoneDetail,所保留二合扩展直接配置,1115,30a842c99241a6b73c363a7b40baff234a8bcb20c3c3fc785c6b132353350c87
scripts/asmdef_conf_fat/fat/rawdata/MicMilestoneGroup.cs,fat.rawdata,MicMilestoneGroup,所保留二合扩展直接配置,1409,56b8e0c5df7cdbb609dd9473cb3eeb8268b473c3684ca3718e05778cd5e949ce
scripts/asmdef_conf_fat/fat/rawdata/MonopolyStage.cs,fat.rawdata,MonopolyStage,所保留活动棋盘直接配置,1956,95dc8f09b710b52fcc0b5ecebf9ca8838a301909a1784e870742af13fe21e31a
scripts/asmdef_conf_fat/fat/rawdata/ObjBasic.cs,fat.rawdata,ObjBasic,FAT.Merge 字段/签名直接引用; 棋盘/物品配置声明,799,840ea2b10c45251574670b4a4cdac2a5886d0d1dfb1ee20a39e0e627952200db
scripts/asmdef_conf_fat/fat/rawdata/ObjMergeItem.cs,fat.rawdata,ObjMergeItem,FAT.Merge 字段/签名直接引用; 棋盘/物品配置声明,1694,e4f8d01f3826e9b528d524136d7ed7085cea5179278cafd55d1230fc60005713
scripts/asmdef_conf_fat/fat/rawdata/ObjMergeTool.cs,fat.rawdata,ObjMergeTool,棋盘/物品配置声明,698,d297d0fc43486c077f786ba015bcb156f997a5e69467239c1af803de0ea08d04
scripts/asmdef_conf_fat/fat/rawdata/ObjTool.cs,fat.rawdata,ObjTool,棋盘/物品配置声明,761,ac9474062c873af3eeefced77324de668ef222cc3a98dbbf6cc251e040e9508f
scripts/asmdef_conf_fat/fat/rawdata/OrderBoxDetail.cs,fat.rawdata,OrderBoxDetail,FAT.Merge 字段/签名直接引用; 棋盘/物品配置声明,836,e2300d4516a587e48db690315bea4f07e2b5a1a2e163eaf76ae3f6b72e8c27d7
scripts/asmdef_conf_fat/fat/rawdata/OrderCategory.cs,fat.rawdata,OrderCategory,棋盘/物品配置声明,1603,ce77c4add6e426a8797ebbcee97013af77398362dcbd3ea9136d3a15cab7ae2c
scripts/asmdef_conf_fat/fat/rawdata/OrderCommon.cs,fat.rawdata,OrderCommon,棋盘/物品配置声明,1613,79fcd993e0f2bd4fba8c1daf12151ec0b9a90cd1112f66e2ed0104322c963a0b
scripts/asmdef_conf_fat/fat/rawdata/OrderRandomer.cs,fat.rawdata,OrderRandomer,所保留二合扩展直接配置,2618,6ad49d087de0ed0bf2d1177f87979070256569d2eec93b274d1acf39f6eac8f0
scripts/asmdef_conf_fat/fat/rawdata/OrderReward.cs,fat.rawdata,OrderReward,棋盘/物品配置声明,763,026abbaff431fb2d5f102a8017ac31bb2921f9c0197a998ff929fa5851c91a38
scripts/asmdef_conf_fat/fat/rawdata/PopupType.cs,fat.rawdata,PopupType,所保留二合扩展直接配置,313,5911ebba2769171460e1593f9e07e980cfb893b121c2d38373a096289154d6de
scripts/asmdef_conf_fat/fat/rawdata/ScoreBoardDetail.cs,fat.rawdata,ScoreBoardDetail,所保留活动棋盘直接配置,795,b1fee58cc09d806d117494fd89b9b053cb5faf6a9de76bf0debb6909f133384b
scripts/asmdef_conf_fat/fat/rawdata/ScoreBoardGroup.cs,fat.rawdata,ScoreBoardGroup,所保留活动棋盘直接配置,1804,4acbadce5f4f99c60977f04e6e10e3433db6da415db0dccb014747e9beb05227
scripts/asmdef_conf_fat/fat/rawdata/SkillType.cs,fat.rawdata,SkillType,FAT.Merge 字段/签名直接引用; 棋盘/物品配置声明,620,2585727a4274851d40386daef98112755e2733140f7a0d332fc6b41dadf10cc3
scripts/asmdef_conf_fat/fat/rawdata/TileBingoBoard.cs,fat.rawdata,TileBingoBoard,所保留活动棋盘直接配置,1173,3f5cabe2add567465d15da514722f04c8110f35b9a3e923e0d2b61804274ce22
scripts/asmdef_conf_fat/fat/rawdata/TileBingoGroupDetail.cs,fat.rawdata,TileBingoGroupDetail,所保留活动棋盘直接配置,951,f3640deb3b9fd2da50e4e0801f476a7a8d7102999f399cb65a8d096d63ed30c9
scripts/asmdef_conf_fat/fat/rawdata/TileBoardDetail.cs,fat.rawdata,TileBoardDetail,所保留二合扩展直接配置,773,8355dad46c7486d4a59d282add6e367f93aca824a4bfed283a0db91836261a97
scripts/asmdef_conf_fat/fat/rawdata/Toast.cs,fat.rawdata,Toast,FAT.Merge 字段/签名直接引用; 棋盘/物品配置声明,7327,123b0a64fe0062a2022541e50b3a1d0cbf90587e9dba4323ae8cb79e82d4fa0b
scripts/asmdef_conf_fat/fat/rawdata/TrainChallenge.cs,fat.rawdata,TrainChallenge,所保留二合扩展直接配置,1061,9cc6e18dafbb9d9925d269ad906805c9c509ac94d87d036fe686119e9f50f2ba
scripts/asmdef_conf_fat/fat/rawdata/TrainMilestone.cs,fat.rawdata,TrainMilestone,所保留二合扩展直接配置,714,b9e0f4d76d850e52e641d6ba58d80470fbfd2182d7a0e67b9bbccd57af1c1c63
scripts/asmdef_conf_fat/fat/rawdata/TrainMission.cs,fat.rawdata,TrainMission,FAT.Merge 字段/签名直接引用,1033,63e0f7541f7016dbab5e6d0333d77c2df9411878b128ee43ece76ef638a38946
scripts/asmdef_fat_runtime/Config/AssetConfig.cs,Config,AssetConfig,二合配置声明,252,3ac5b3c6484d67e61332555b21db48f472f1e31a66cacb6c4790d162d387fa8f
scripts/asmdef_fat_runtime/Config/CoordConfig.cs,Config,CoordConfig,二合配置声明,121,2c59e637ac892546c2cc14552f98049d818329798967a66df0010aee73888fdc
scripts/asmdef_fat_runtime/Config/GuideMergeRequire.cs,Config,GuideMergeRequire,二合配置声明,210,852460583e80c048cdd2adbfdf1053261836bfc6290522f337ed56f15e7ee922
scripts/asmdef_fat_runtime/Config/IntRangeConfig.cs,Config,IntRangeConfig,二合配置声明,124,4e88687a01df684db9f5e12681cdcd289f786ce859ab3f6db8fb050f62586f78
scripts/asmdef_fat_runtime/Config/RewardConfig.cs,Config,RewardConfig,二合配置声明,123,32b678ca4c7c757bed8c20ecac6d1c7211717a086607569ae836ccfd3a9ba4cb
scripts/asmdef_fat_runtime/FAT/Activity.cs,FAT,Activity;TypeInfo,活动棋盘/二合扩展,7358,1c61125f9ad174d0aa847013d5fca3e74278bfd4d71b8c84c89a5a2e6779b805
scripts/asmdef_fat_runtime/FAT/ActivityBingo.cs,FAT,ActivityBingo;EntryWrapper,活动棋盘/二合扩展,3921,8dc1ced37656988d06f68431ed02487842b7581372ad620ecf89726b72b2f853
scripts/asmdef_fat_runtime/FAT/ActivityCastle.cs,FAT,ActivityCastle;_003CResEnumerate_003Ed__37;implementation,活动棋盘/二合扩展,4059,a3ff9195ebeb424b4e978b462a37af0b777d8489c2321e7507574a086a9da20f
scripts/asmdef_fat_runtime/FAT/ActivityExpire.cs,FAT,ActivityExpire,活动棋盘/二合扩展,660,9e039788763df26d83b719b2f9aa4c1ba5b11f447870bf02f9cfd502d7118a38
scripts/asmdef_fat_runtime/FAT/ActivityFishing.cs,FAT,ActivityFishing;FishCaughtInfo,活动棋盘/二合扩展,6395,06b91f35c6cfe83ee3d009e75cb5f115e28b2645ae7f1fb9875ebd1dae51a929
scripts/asmdef_fat_runtime/FAT/ActivityFogScore.cs,FAT,ActivityFogScore,活动棋盘/二合扩展,3875,85e8c9ab4f7451243446cb8b884d7fee54cc7e3fe40659e02ec48b210beaf0af
scripts/asmdef_fat_runtime/FAT/ActivityFrozenItem.cs,FAT,ActivityFrozenItem,二合调用/状态/依赖,1680,2ecc99ee98d7ca1fa21d22d4672d5b29f93eea87025b16042b0dea3d2023d43f
scripts/asmdef_fat_runtime/FAT/ActivityGroup.cs,FAT,ActivityGroup;Option,活动棋盘/二合扩展,1756,fb055124c41d26920b6473002530cea252cac05d19949ce8e6323cc54721d28c
scripts/asmdef_fat_runtime/FAT/ActivityIndepenBingo.cs,FAT,ActivityIndepenBingo,活动棋盘/二合扩展,5918,a7bd0ba4770e99b1e34f7396b94f3cbee2a672fe10d6186446a8612c46276f85
scripts/asmdef_fat_runtime/FAT/ActivityLike.cs,FAT,ActivityLike;_003COpenResAsync_003Ed__89;implementation,直接基类/接口或关键状态依赖,5006,785dc0ad770b4bdb8c97182206662f94a4c24f17752aaa28724032e3f2831093
scripts/asmdef_fat_runtime/FAT/ActivityLite.cs,FAT,ActivityLite,活动棋盘/二合扩展,2389,1ec5ddc2b63228e8b6da862f971d5d6f886b4dc8c06d673cbc4dfb8efafd0437
scripts/asmdef_fat_runtime/FAT/ActivityLongOrder.cs,FAT,ActivityLongOrder;ParamKey;_003CResEnumerate_003Ed__102;implementation;_003CWaitAndQueueConvertPopup_003Ed__100;_003CWaitAndQueueEndPopup_003Ed__98;_003CWaitReward_003Ed__101,活动棋盘/二合扩展,11453,d93110bfbe6e369fa34d101448afaad5d51dd41b93cfc1bb36d672621c0df769
scripts/asmdef_fat_runtime/FAT/ActivityMagicOrder.cs,FAT,ActivityMagicOrder,活动棋盘/二合扩展,2036,e0d9a934aacbc7ecbdd5ad7b388c4019ec0aedd9089c643a5be92d68c3c76123
scripts/asmdef_fat_runtime/FAT/ActivityMonopolyBoard.cs,FAT,ActivityMonopolyBoard;MonoGridCell;MonopolyBoardData;_003CCoDelayReward_003Ed__112;implementation,活动棋盘/二合扩展,11574,008c7893b51b06d9f14d3e7e3d07e59742cd222d9013dcd1d36766ff3b05a13b
scripts/asmdef_fat_runtime/FAT/ActivityOrderLike.cs,FAT,ActivityOrderLike;OrderLikeRaceBot,活动棋盘/二合扩展,7543,97fd8b0169bcd499ebc98511a7c4f7aa62bafb23582172ea9095c04e88ea5d14
scripts/asmdef_fat_runtime/FAT/ActivityOrderRate.cs,FAT,ActivityOrderRate,活动棋盘/二合扩展,2489,b06f5a0d034739892fdbee07ec3e20b7782be3c881b6db9b2754893753b29aa8
scripts/asmdef_fat_runtime/FAT/ActivityScoreMic.cs,FAT,ActivityScoreMic,活动棋盘/二合扩展,4208,e7682ebe6f56479edac766409427ccced8ed9c05ee5941ded74efcae3f665bbd
scripts/asmdef_fat_runtime/FAT/ActivityScoreShop.cs,FAT,ActivityScoreShop;ScoreShopNodeType;ScoreGenerationType;Node;NodeState,活动棋盘/二合扩展,4993,9f4e04e4e0e495e5d2cacb421b0348befcdae54113ad6af1dcfa4a9c9c130b04
scripts/asmdef_fat_runtime/FAT/ActivityStep.cs,FAT,ActivityStep;Task;_003CResEnumerate_003Ed__41;implementation,活动棋盘/二合扩展,4550,af36a0bae2bda8f164ff7c53f4f996dfeb2276a1877f22821f22b1709cf5b670
scripts/asmdef_fat_runtime/FAT/ActivityTileBingo.cs,FAT,ActivityTileBingo,活动棋盘/二合扩展,8406,c9358307c06886918ff7700751a2788b0f669eaab82eb74d7c8c242812783552
scripts/asmdef_fat_runtime/FAT/ActivityTransit.cs,FAT,ActivityTransit,活动棋盘/二合扩展,619,bf575fca80f910f45a4e1aeaa8e6f1d19b092a2aa53ad20a806436687da9f310
scripts/asmdef_fat_runtime/FAT/ActivityVisual.cs,FAT,ActivityVisual;_003CResEnumerate_003Ed__34;implementation,直接基类/接口或关键状态依赖,3723,6861ec5881119a9d76f52e2e74bbc46ec2f3bbd3aae18151d6ff44cb0e19f17b
scripts/asmdef_fat_runtime/FAT/ArchiveMan.cs,FAT,ArchiveMan;UploadHelper,二合调用/状态/依赖,3887,a7172a18b7c1a265306198d8c4c2489c169517baabf2ec24fc48fcc2120325c6
scripts/asmdef_fat_runtime/FAT/AreaBoardActivity.cs,FAT,AreaBoardActivity;_003CResEnumerate_003Ed__116;implementation,活动棋盘/二合扩展,11553,9d8a46d40a277ffd417e8adb094dca1c17f8086ff2cca5af05aefb0a4d9d2ae4
scripts/asmdef_fat_runtime/FAT/BagMan.cs,FAT,BagMan;BagType;BagGirdData,二合调用/状态/依赖,2910,81f8bb72e4bd1c69bb98b9db4289d823af1c804523816e83a0344c03372d0c31
scripts/asmdef_fat_runtime/FAT/BoardActivityOutputMethod.cs,FAT,BoardActivityOutputMethod,直接基类/接口或关键状态依赖,112,01f8ce84348d1a607ddcaae23a13dba72515f372ddb868956cbebcafb3a0f99d
scripts/asmdef_fat_runtime/FAT/BoardActivityOutputType.cs,FAT,BoardActivityOutputType,直接基类/接口或关键状态依赖,97,08bc916437e413cddd4ac1fca98d506a58b5a9fe6fa7485ed383a88bb736deb1
scripts/asmdef_fat_runtime/FAT/BoardActivityUtility.cs,FAT,BoardActivityUtility,二合调用/状态/依赖,1505,a72bf7f88ef123492f338a41070d4d62bb3f81e0d9cc505666113a7ec3f061ca
scripts/asmdef_fat_runtime/FAT/BoardAutoClickTrigTool.cs,FAT,BoardAutoClickTrigTool,二合调用/状态/依赖,492,2fe6116abb59ec09c9627a70ac594c1c6c5141ad9bb3dac546ebd6adfdc73e35
scripts/asmdef_fat_runtime/FAT/BoardExtremeHandler.cs,FAT,BoardExtremeHandler;BoardExtremeType,二合调用/状态/依赖,862,f70581ae359ee80ba4e7abdf7f7feed119402b72a22f23f8ff97b3bc91a1f677
scripts/asmdef_fat_runtime/FAT/BoardGirdRewardIntroStep.cs,FAT,BoardGirdRewardIntroStep,二合调用/状态/依赖,641,d9a94ff3d413084822f9dbc48b2af7e9f655d3c4769b53ae7f20e0fd16f9e7b1
scripts/asmdef_fat_runtime/FAT/BoardMoveHandler.cs,FAT,BoardMoveHandler;BoardMoveType;BoardMoveDirection,二合调用/状态/依赖,1537,75a55968b2b2eaa4d187ec853334e5d3ee57c0345939ee6ce1fd4767dbb4f2fa
scripts/asmdef_fat_runtime/FAT/BoardQuickMergeTool.cs,FAT,BoardQuickMergeTool;MergeStep,二合调用/状态/依赖,995,69a3d20a563e37a33b5e78830ebb350054c019d5141774f06e6920f01f924849
scripts/asmdef_fat_runtime/FAT/BoardRes.cs,FAT,BoardRes;SpawnPopParam,直接基类/接口或关键状态依赖,1660,478b5daa146312b0dc6d3c50bbb70d9a61e395b87fcbd74e4e7486d06dd9f4ef
scripts/asmdef_fat_runtime/FAT/BoardTokenBoostController.cs,FAT,BoardTokenBoostController,二合调用/状态/依赖,3056,c4bbf5bd6da3dd8dcb883a7dc5b8df68b19b0f61b1d0ee69310456f414af7f53
scripts/asmdef_fat_runtime/FAT/BoardUtility.cs,FAT,BoardUtility,二合调用/状态/依赖,5584,9ccd887f66de54692fea39fe4b9e09e5c7ac8eb65497b12ad9ce5c41fa13f149
scripts/asmdef_fat_runtime/FAT/BoardViewManager.cs,FAT,BoardViewManager,二合调用/状态/依赖,11050,affa62eadb29f47cac0fb9c36496861535aa6255f1744b3537429b2d721f7a81
scripts/asmdef_fat_runtime/FAT/BoardViewWrapper.cs,FAT,BoardViewWrapper;ParamType,二合调用/状态/依赖,2125,c8e94cea3fbbba6004c33c6726a9f2e938942f348d46fec64a95ec22f8d3220f
scripts/asmdef_fat_runtime/FAT/ConfHelper.cs,FAT,ConfHelper;_003CAsyncLoadActiveResDataManifest_003Ed__22;implementation;_003CAsyncLoadConf_003Ed__13;_003CAsyncLoadConfBytes_003Ed__12;_003CAsyncLoadText_003Ed__21;_003CAsyncRegisterConf_003Ed__11,二合调用/状态/依赖,7795,325375d17a8b38fbefa04e61e821390e70ba432915463238715fd711d88e724c
scripts/asmdef_fat_runtime/FAT/ConfigMan.cs,FAT,ConfigMan;_003CCoLoadAbMeta_003Ed__305;implementation;_003CCoLoadAll_003Ed__304;_003C_FilterConfigByVersion_003Ed__286,二合调用/状态/依赖,30078,cf780ae76e8d55868aecd29bb63a4a0c5cc3c3deeefff6d2d71a9572a7fdfbae
scripts/asmdef_fat_runtime/FAT/CostInfo.cs,FAT,CostInfo,FAT.Merge 字段/签名直接引用,110,cb539ded68cff94b56d62e55a8edece2c4dd76948ae89a69578684f98cfca3ad
scripts/asmdef_fat_runtime/FAT/DiningBoardActivity.cs,FAT,DiningBoardActivity;CloudUnlockType;SoundEffect;_003CResEnumerate_003Ed__228;implementation,活动棋盘/二合扩展,13534,13bc8a39ebaf6973628ee6bd34eee0049d538a455daaa389d819781f5fffda7b
scripts/asmdef_fat_runtime/FAT/FarmBoardActivity.cs,FAT,FarmBoardActivity;TokenOutputType;_003CResEnumerate_003Ed__54;implementation,活动棋盘/二合扩展,12073,ed99c41b438f373e95294fad4e8ee5d2a25141e7dedc30155f5973dcff847f49
scripts/asmdef_fat_runtime/FAT/FeatureUnlockMan.cs,FAT,FeatureUnlockMan,二合调用/状态/依赖,1371,c4775c15a54f5d8e6f365e0d4bf582d170cc25836bc1974efc8462e9dfdc5688
scripts/asmdef_fat_runtime/FAT/FestBoardActivity.cs,FAT,FestBoardActivity;_003CResEnumerate_003Ed__137;implementation,活动棋盘/二合扩展,12824,9f2650335b190036599dffc97470bafcdd11dabd9c5f172039fb1c10c740d4ef
scripts/asmdef_fat_runtime/FAT/FightBoardActivity.cs,FAT,FightBoardActivity;_003CCoDelayReward_003Ed__73;implementation;_003CCoPlaySound_003Ed__72,活动棋盘/二合扩展,7080,9ec0318ca601892699b745728f1749efbc4fdb133e873063222cdbe2e36cd398
scripts/asmdef_fat_runtime/FAT/FightBoardItemSpawnBonusHandler.cs,FAT,FightBoardItemSpawnBonusHandler,活动棋盘/二合扩展,781,800a172b7fefa0097317d85910626cc3d273719e9917863e242e07aa2ed73802
scripts/asmdef_fat_runtime/FAT/FlyType.cs,FAT,FlyType,二合调用/状态/依赖,2492,011bac6bc9d1c1386ffe4c2d18370e9145808929727b023833b83b6ce78e824a
scripts/asmdef_fat_runtime/FAT/GuideActImpBase.cs,FAT,GuideActImpBase,直接基类/接口或关键状态依赖,354,7967aad0dccba2e48209606c7d5cc68d179bd3615acdc35beeacbdf3510753ee
scripts/asmdef_fat_runtime/FAT/GuideActImpBoardDialog.cs,FAT,GuideActImpBoardDialog,棋盘操作引导,196,bc7937e64c01029036154200545ffe0e8d3a84ed54ada2485938ddcf56717724
scripts/asmdef_fat_runtime/FAT/GuideActImpBoardDialogHide.cs,FAT,GuideActImpBoardDialogHide,棋盘操作引导,200,47ba768e1b4432797967f860c9833fcd8cb7e9e0caceeccbc2169abde8b8c810
scripts/asmdef_fat_runtime/FAT/GuideActImpBoardDrag.cs,FAT,GuideActImpBoardDrag,棋盘操作引导,194,0d3840f1de3f2425df89037b30028efe9ed539b7aca064418f22714de62f24c0
scripts/asmdef_fat_runtime/FAT/GuideActImpBoardDragPos.cs,FAT,GuideActImpBoardDragPos,棋盘操作引导,197,32555cc8dcbc9c79d8922fd66204aae1f9ecfe4267aea24491ee7c43ba840535
scripts/asmdef_fat_runtime/FAT/GuideActImpBoardEat.cs,FAT,GuideActImpBoardEat,棋盘操作引导,307,9d4fd23844c2277f87f0c17b1477232b3152f947ad437d4f10bf0496724ae67f
scripts/asmdef_fat_runtime/FAT/GuideActImpBoardMatch.cs,FAT,GuideActImpBoardMatch,棋盘操作引导,195,1917e8ab73611e979a29a87bdcf36227bb83191a9a31b54d9c161937747f58fa
scripts/asmdef_fat_runtime/FAT/GuideActImpBoardMerge.cs,FAT,GuideActImpBoardMerge,棋盘操作引导,342,0e179bd5c2f5c68440fc04950471fa77290cb50b1101c9ab15ae0e048f9f6bd9
scripts/asmdef_fat_runtime/FAT/GuideActImpBoardSelectHand.cs,FAT,GuideActImpBoardSelectHand,棋盘操作引导,235,8778b1e249a34b61748ce58168205c8f7ea9a0175206a521c1556463c7d9be8f
scripts/asmdef_fat_runtime/FAT/GuideActImpBoardSelectHandPos.cs,FAT,GuideActImpBoardSelectHandPos,棋盘操作引导,238,fa265af503a87467c7c6f138e0f590da41f1a7cabc7844a9978bed6e004b926b
scripts/asmdef_fat_runtime/FAT/GuideActImpBoardTap.cs,FAT,GuideActImpBoardTap,棋盘操作引导,193,e98d75eba1c49db9ae61669ef85ebe41af92b57fe7b7fb8b843611ffc851d6e0
scripts/asmdef_fat_runtime/FAT/GuideActImpBoardTapBoost.cs,FAT,GuideActImpBoardTapBoost,棋盘操作引导,233,2bb71f84a9ad4872fb781ae9a77a268d675a94c8ad79294103465c082853410b
scripts/asmdef_fat_runtime/FAT/GuideActImpBoardToBag.cs,FAT,GuideActImpBoardToBag,棋盘操作引导,398,9843c77153cc89add7264b04c191cc2352ae309c3816b0f23e987092daf2f0e8
scripts/asmdef_fat_runtime/FAT/GuideActImpBoardToCustom.cs,FAT,GuideActImpBoardToCustom,棋盘操作引导,419,2cba943dbdb360d64cdce351fb76197557d1398abfa3ba5fe3f0c8127b253ffc
scripts/asmdef_fat_runtime/FAT/GuideActImpBoardUnlock.cs,FAT,GuideActImpBoardUnlock,棋盘操作引导,196,feeccbb09c4701d7c703e0a05e11fa73f38b5dd293f7f04645747e5b627516d0
scripts/asmdef_fat_runtime/FAT/GuideActImpBoardUseHand.cs,FAT,GuideActImpBoardUseHand,棋盘操作引导,232,e6ed5a6ea93d38541850c9dc193550a95ff09415e95263637470aa54b95c6640
scripts/asmdef_fat_runtime/FAT/GuideActImpBoardUseHandCrood.cs,FAT,GuideActImpBoardUseHandCrood,棋盘操作引导,237,1878a0e36db7208852cd64ce1b17c2c917a956d9f267e0df1e4384eb9135701e
scripts/asmdef_fat_runtime/FAT/GuideActImpMergeCtrl.cs,FAT,GuideActImpMergeCtrl,棋盘操作引导,194,65bef3d2d5b0cb7c562d5dfbdc9294cf49dfa94b3fac09cd28a18815d6ae1cf1
scripts/asmdef_fat_runtime/FAT/GuideRequireChecker.cs,FAT,GuideRequireChecker,二合调用/状态/依赖,6635,3f9ed8269f6b02101ca2ea4cf30969807d803b6ace21d9235d945c001698d77f
scripts/asmdef_fat_runtime/FAT/HandbookMan.cs,FAT,HandbookMan,二合调用/状态/依赖,3401,1e60b2c0c31057bc78cd46c8bcfd55a7463815f321372cc85a0d05743c9be197
scripts/asmdef_fat_runtime/FAT/IActivityCupChallengeTaskJump.cs,FAT,IActivityCupChallengeTaskJump,直接基类/接口或关键状态依赖,113,94d482dfe7e7f112fc75d35ca0bca4cb0bf0684429ad7af5bc8765b66d0ebad1
scripts/asmdef_fat_runtime/FAT/IActivityOrderGenerator.cs,FAT,IActivityOrderGenerator,直接基类/接口或关键状态依赖,275,1b6060fc23566f1d21591216bfe39942cd2b1927cbb1d69f9a6042b8f072b59b
scripts/asmdef_fat_runtime/FAT/IActivityOrderHandler.cs,FAT,IActivityOrderHandler,直接基类/接口或关键状态依赖,514,471e4cbac35f2c041131707f32dbae9a867c246654c0cac600a9393b40ee2112
scripts/asmdef_fat_runtime/FAT/IActivitySlider.cs,FAT,IActivitySlider,直接基类/接口或关键状态依赖,88,bf6f9bea752d58f7febdcf3a5a6a5dafd9e92f8cf8dd75334d47f6d023757e76
scripts/asmdef_fat_runtime/FAT/IActivityUpdate.cs,FAT,IActivityUpdate,直接基类/接口或关键状态依赖,91,9363da050f54cfe68a6e34ee0de66f21572f2dd7cdf0d444dc31edf5251386aa
scripts/asmdef_fat_runtime/FAT/IBoardActivityHandbook.cs,FAT,IBoardActivityHandbook,直接基类/接口或关键状态依赖,377,cd52f8de283a28c9d9a9406070a2c00d91adf8ee3469a540909f63a15d36454a
scripts/asmdef_fat_runtime/FAT/IBoardActivityOutput.cs,FAT,IBoardActivityOutput,直接基类/接口或关键状态依赖,1549,040924c3f865ead7da2e23b12f621b5db3f72d567fc1f0a84ab3530a444e5f13
scripts/asmdef_fat_runtime/FAT/IBoardActivityRowConf.cs,FAT,IBoardActivityRowConf,直接基类/接口或关键状态依赖,221,114812bcc29e751e330b07f63c67506f7ff8ac573a954f723ffb02e0e925b752
scripts/asmdef_fat_runtime/FAT/IBoardArchive.cs,FAT,IBoardArchive,直接基类/接口或关键状态依赖,232,9460d4a213a30a3dc6043b618cef7b9398b70ceec33f261f3304cc2ca6a91412
scripts/asmdef_fat_runtime/FAT/IBoardBoostHost.cs,FAT,IBoardBoostHost,直接基类/接口或关键状态依赖,82,c252bd1d4be12f0e7f24afda67ad00a367bda595337d81753a74ec9390e44dac
scripts/asmdef_fat_runtime/FAT/IBoardEntry.cs,FAT,IBoardEntry,直接基类/接口或关键状态依赖,118,6c6909e49289d29c25e7e7684f1057923aeba390504002272aad2e5b5b20a1b3
scripts/asmdef_fat_runtime/FAT/IBoardExtremeAdapter.cs,FAT,IBoardExtremeAdapter,直接基类/接口或关键状态依赖,128,87388ca628c4f13068e9a36b63ef388a95d888154b62226c100f48ff333f1ab4
scripts/asmdef_fat_runtime/FAT/IBoardFlyMultiplier.cs,FAT,IBoardFlyMultiplier,直接基类/接口或关键状态依赖,123,8449cf2ecb7e81bcb387f1195fb22d144bd637bf96db6754d487e7bd07d86a1a
scripts/asmdef_fat_runtime/FAT/IBoardMainChainSource.cs,FAT,IBoardMainChainSource,直接基类/接口或关键状态依赖,94,878a43f314ab1a12adb0ab8609ce4f15c4180435659c02faad5a25e41472223e
scripts/asmdef_fat_runtime/FAT/IBoardMoveAdapter.cs,FAT,IBoardMoveAdapter,直接基类/接口或关键状态依赖,221,04da6719a92d20fcf1748da40b59840844c1490a8dcb2120945da43f03d1812f
scripts/asmdef_fat_runtime/FAT/IBoardSkinBindingSource.cs,FAT,IBoardSkinBindingSource,直接基类/接口或关键状态依赖,93,abc10d6b87f917de53092a530d8c8145fc49eb5ef87b3320b6b62e582f28d629
scripts/asmdef_fat_runtime/FAT/IGameModule.cs,FAT,IGameModule,直接基类/接口或关键状态依赖,111,6fa47871bda97fe7997d9b15d92712515d9442ba7fa8a31bd3f270ce2b537ad3
scripts/asmdef_fat_runtime/FAT/IMergeBoard.cs,FAT,IMergeBoard,二合调用/状态/依赖,117,55ed874ffc9f9b3a93d9a9062108501dba72768696cfeb4fd8b173f761a3dbf6
scripts/asmdef_fat_runtime/FAT/IOrderData.cs,FAT,IOrderData,FAT.Merge 字段/签名直接引用,4246,ff3d299c6b310758ad4c7a5077a0aba877d6100881b656d1366fe2a2a14e3dba
scripts/asmdef_fat_runtime/FAT/IOrderHelper.cs,FAT,IOrderHelper,FAT.Merge 字段/签名直接引用,1170,2f3f36a0a26fa5c5bf024b9c0dad96e74b4e7845315f886ed16389a67d560a40
scripts/asmdef_fat_runtime/FAT/IUpdate.cs,FAT,IUpdate,直接基类/接口或关键状态依赖,75,69ea910a82b3bb59146f51b8b49bad78c971fb71d37d5188ce06fd7871d2832c
scripts/asmdef_fat_runtime/FAT/IUserDataHolder.cs,FAT,IUserDataHolder,直接基类/接口或关键状态依赖,162,e7d8591c56ce923f36f80e0d162094d8201ea33b9f72f0a3b3b2859ba125351e
scripts/asmdef_fat_runtime/FAT/ItemEffectType.cs,FAT,ItemEffectType,二合调用/状态/依赖,2594,5c3a2568eff24dd71796425043efb72ad33660f047fbcb4da1d6c9cf8dedaa46
scripts/asmdef_fat_runtime/FAT/ItemLifecycle.cs,FAT,ItemLifecycle,二合调用/状态/依赖,332,a26bad5da03bdfce3fb44530c30b51a7803fd763107a22cc9a0824c34b2d9312
scripts/asmdef_fat_runtime/FAT/MBBoardAreaAdapter.cs,FAT,MBBoardAreaAdapter;_003C_DeferredBoardRecalc_003Ed__28;implementation,棋盘交互/视图,3220,7e1597e63294f08697f65bd7423ec80fbda602187d7fd6c46ec416f337cdb309
scripts/asmdef_fat_runtime/FAT/MBBoardAutoGuide.cs,FAT,MBBoardAutoGuide;BoardType,棋盘交互/视图,539,62bce3cd5a8ea749904420f4bddb2dd25491698c234f0fc7348a2a97b3286e33
scripts/asmdef_fat_runtime/FAT/MBBoardCloud.cs,FAT,MBBoardCloud,棋盘交互/视图,1067,9f4d320832c26b0df402337c458b6ed7ef54fe3cc57eb6f6515bd4cf7dd96bfd
scripts/asmdef_fat_runtime/FAT/MBBoardDrag.cs,FAT,MBBoardDrag,棋盘交互/视图,1133,1988c40660c7d13666383a28c8f3935498c424474096137681071e54e4888219
scripts/asmdef_fat_runtime/FAT/MBBoardEffect.cs,FAT,MBBoardEffect;_003C_CoPlayTimeSkip_003Ed__39;implementation,棋盘交互/视图,4317,0ffaa32dd3c11984365e69302404ebea550a6af7964de10d6bed004831a809a8
scripts/asmdef_fat_runtime/FAT/MBBoardFly.cs,FAT,MBBoardFly;_003C_003Ec__DisplayClass11_0;_003C_OnFlyCenterComplete_003Ed__11;implementation,棋盘交互/视图,2637,fb72112bf7abc22287fd6e0e06b68b8a7371529148872803fcb8eea0102a99c8
scripts/asmdef_fat_runtime/FAT/MBBoardInventoryEntry.cs,FAT,MBBoardInventoryEntry,棋盘交互/视图,861,2112c2c6fa79b0adc763b784774c4200207acc4fc75a09553c468621bb6802fe
scripts/asmdef_fat_runtime/FAT/MBBoardItemDetail.cs,FAT,MBBoardItemDetail;UsageType;BoostGroup;_003CPunch_003Ed__25;implementation,棋盘交互/视图,5830,380c18f87b754896aa15ff92777f98bc4d11f75ae976538df76a423abe633d67
scripts/asmdef_fat_runtime/FAT/MBBoardItemHolder.cs,FAT,MBBoardItemHolder,棋盘交互/视图,3990,929e9bf58a26f95ba340e14116c09f31edfcebec06a28a83ae9a185f7ab4bf3c
scripts/asmdef_fat_runtime/FAT/MBBoardLockAreaEdge.cs,FAT,MBBoardLockAreaEdge;EdgeDir;InwardDir;CornerType,棋盘交互/视图,3007,c5464fe557c934784627794e2a8c022df51d1e4a736ba24a4a354eae38c43951
scripts/asmdef_fat_runtime/FAT/MBBoardLvArea.cs,FAT,MBBoardLvArea;_003C_003Ec__DisplayClass18_0;_003C_CoInitOnPreOpen_003Ed__16;implementation;_003C_LoadCoverPrefab_003Ed__18,棋盘交互/视图,4229,4410e1f76df28afba6a4d6253e8c43361d62087741635a610e51dea14238022c
scripts/asmdef_fat_runtime/FAT/MBBoardMoveRoot.cs,FAT,MBBoardMoveRoot,棋盘交互/视图,203,bca03ee78db37854569e8cfb4bf942f2a4d4f1d07285fee69d469f7fc42dc1d7
scripts/asmdef_fat_runtime/FAT/MBBoardOrder.cs,FAT,MBBoardOrder;ICommitButton;Counting;Score;_003C_003Ec__DisplayClass138_0;_003C_CoClaimRewards_003Ed__138;implementation;_003C_TryClaimMagicOrderReward_003Ed__137,棋盘交互/视图,14065,de2d09cb96f87562c9fbd33a7e07827844e92ea1ca4864910edc692b9999247d
scripts/asmdef_fat_runtime/FAT/MBBoardOrderAttachment.cs,FAT,MBBoardOrderAttachment,棋盘交互/视图,585,6bcc4f545497c91a644e70ba46bac7d6b9ecfa071fccaa168784a959f6f77383
scripts/asmdef_fat_runtime/FAT/MBBoardOrderBoxMiniEntry.cs,FAT,MBBoardOrderBoxMiniEntry,棋盘交互/视图,375,652c5f6c959d856470d6c7256367311c72c3c658cb74ff140824987ce48fe3d7
scripts/asmdef_fat_runtime/FAT/MBBoardOrderCommitButton_Default.cs,FAT,MBBoardOrderCommitButton_Default,棋盘交互/视图,875,753ba715f4826ea86832bafa654ceb456b81a196d5e8d208e1a6bb0a3d69740f
scripts/asmdef_fat_runtime/FAT/MBBoardOrderRequireItem.cs,FAT,MBBoardOrderRequireItem,棋盘交互/视图,807,0bf9285fb64335c7c23df50ee84daddf36e05f745e9d0612a73d1f81760ab779
scripts/asmdef_fat_runtime/FAT/MBBoardOrderRewardItem.cs,FAT,MBBoardOrderRewardItem,棋盘交互/视图,303,c7e034d1c4ed7b6b60e2e267a93e8e3925283123169f152caaad2c3f289cc788
scripts/asmdef_fat_runtime/FAT/MBBoardOrderRewardItemV2.cs,FAT,MBBoardOrderRewardItemV2;LayoutType,棋盘交互/视图,930,99b51685554712f603e7c99c9d4f3180477aef1ddf57467b5869032978ec20ff
scripts/asmdef_fat_runtime/FAT/MBBoardOrderUtility.cs,FAT,MBBoardOrderUtility,棋盘交互/视图,834,ff81ec742dddebdb75b781083d257569e7b676b8cacf1f07882f2088ed5a89f4
scripts/asmdef_fat_runtime/FAT/MBBoardOrderV2.cs,FAT,MBBoardOrderV2;ScoreItem;CommonRewardItem;AttachmentType;_003C_003Ec__DisplayClass36_0;_003C_CoClaimRewards_003Ed__36;implementation;_003C_TryClaimMagicOrderReward_003Ed__188,棋盘交互/视图,17573,e386c411648c68a3b057b16783a499411dd90b72da561984ab62942a7b517824
scripts/asmdef_fat_runtime/FAT/MBBoardSelector.cs,FAT,MBBoardSelector,棋盘交互/视图,601,19ac9ae481508204a225455577c0fd1747e8c198a9e5e9d2b551b1d2ed104480
scripts/asmdef_fat_runtime/FAT/MBBoardView.cs,FAT,MBBoardView,棋盘交互/视图,1687,7cb4c5e5f50214ce5920b590f64cbcbf3eee383ca42c2d871bbe2aeb66ea4deb
scripts/asmdef_fat_runtime/FAT/MBBoardViewMoveComp.cs,FAT,MBBoardViewMoveComp;MoveDirection;_003CCoBoardMove_003Ed__52;implementation;_003CCoRowMoveEffects_003Ed__60;_003CCoStartMove_003Ed__51,棋盘交互/视图,6682,f463ee6ffbbca4047f0bc91798f1cb678cd784848e4c0745d12e65fbcceb73fb
scripts/asmdef_fat_runtime/FAT/MBBoardViewMoveTempIcon.cs,FAT,MBBoardViewMoveTempIcon,棋盘交互/视图,639,b92f98f58522d79df242633438494c256e06d64fbbd9d4b550758217fe7c9ed6
scripts/asmdef_fat_runtime/FAT/MBCommonItem.cs,FAT,MBCommonItem,二合调用/状态/依赖,637,64e01ae947b8ac8b075a4f93a1fdf16144d63df76b8a0faba6b7931719928be3
scripts/asmdef_fat_runtime/FAT/MBItemActivityToken.cs,FAT,MBItemActivityToken,FAT.Merge 字段/签名直接引用,708,d98db88f8acc8daa501b3d9e79932ff7b116c22ef187e3489867e2d1ca709dae
scripts/asmdef_fat_runtime/FAT/MBItemAnimation.cs,FAT,MBItemAnimation,物品交互/视图,982,e3e85eaa06d2df6cbdd842288c2034d0ab31272a2c649869106f42f37baee5d2
scripts/asmdef_fat_runtime/FAT/MBItemCharge.cs,FAT,MBItemCharge;TimeWithLock,物品交互/视图,3730,982a7583685a049edd050efe23607a553cebf0f72da24f25898b639e27ccfa89
scripts/asmdef_fat_runtime/FAT/MBItemContent.cs,FAT,MBItemContent;ResType;_003CCoDelayShowPopTip_003Ed__26;implementation,物品交互/视图,3086,22710e7627f70a4c1e8dcc4b2b07a15c929f451ba6ed3e610c8e4758d29911cb
scripts/asmdef_fat_runtime/FAT/MBItemEffect.cs,FAT,MBItemEffect,物品交互/视图,3244,35196e6d02cf4b06e85a8ce94eb3acaeaab132d89d21fd480f8d53a8c832ebe7
scripts/asmdef_fat_runtime/FAT/MBItemIndicator.cs,FAT,MBItemIndicator,物品交互/视图,608,bfd24b8d60fc9deacb78643f59c5bbd2d26ac7398b92bc71099e0443661dd2ac
scripts/asmdef_fat_runtime/FAT/MBItemResHolder.cs,FAT,MBItemResHolder;_003C_CoLoadRes_003Ed__19;implementation,物品交互/视图,2465,33c36ede540920cbc7886064ee5a39f3833630de79a7caf7c0a814101018a548
scripts/asmdef_fat_runtime/FAT/MBItemUsageTapCost.cs,FAT,MBItemUsageTapCost,物品交互/视图,437,4f8fb7f9a398ffb5da8f299ff9df95c4b06ceaaee5cf7a39f405814abb223fde
scripts/asmdef_fat_runtime/FAT/MBMergeCompReward.cs,FAT,MBMergeCompReward,二合调用/状态/依赖,1143,6a7337cb71e8b0d42ef5af0d5cff4059ad5f3e064abe52eea8b9762f0e340f5e
scripts/asmdef_fat_runtime/FAT/MBResHolderBase.cs,FAT,MBResHolderBase,二合调用/状态/依赖,349,b348fdefcd6ff8682bae8694fa944b31cbd27fd4d8a06c3d5517d8bbd8baaaf8
scripts/asmdef_fat_runtime/FAT/MBResHolderTrig.cs,FAT,MBResHolderTrig;_003C_CoFlyRewardList_003Ed__15;implementation;_003C_CoPlaySound_003Ed__17,二合调用/状态/依赖,3420,414cb4053236f5a891a652f93518321a39699ad26427d8def98bc48f3b703ff9
scripts/asmdef_fat_runtime/FAT/MBSpawnExitEntry.cs,FAT,MBSpawnExitEntry;_003CFailExit_003Ed__24;implementation;_003CPlaySpawnExitAnim_003Ed__26;_003CPlaySpineOpenAnim_003Ed__20,二合调用/状态/依赖,4904,009ae8151b97a77c74b0aadc2c171be958284a69e211e3df62966cddfd64c1fb
scripts/asmdef_fat_runtime/FAT/MBTapCostItems.cs,FAT,MBTapCostItems,二合调用/状态/依赖,2271,fcaaa81294d1360bfb72e3265e70c6341cd8ef0c43a8cdc200d5b7539ea637e2
scripts/asmdef_fat_runtime/FAT/MSG/BOARD_FLY_SCORE.cs,FAT.MSG,BOARD_FLY_SCORE,棋盘事件类型,148,04c82d3150868c5fa9fcae753509e1bd95ce3d190554ffeaa7038d539e8f5b1a
scripts/asmdef_fat_runtime/FAT/MSG/BOARD_FLY_TEXT.cs,FAT.MSG,BOARD_FLY_TEXT,棋盘事件类型,118,ba24c0e4457c32498e77f7e26e74d4b7efaa34c71af04b47ffcdf61cebf67081
scripts/asmdef_fat_runtime/FAT/MSG/GAME_BOARD_ITEM_MERGE.cs,FAT.MSG,GAME_BOARD_ITEM_MERGE,棋盘事件类型,112,5fb430b487d28d4fee3ce383b212eb4076673da43e936d14412de65cb3310d04
scripts/asmdef_fat_runtime/FAT/MSG/GAME_BOARD_ITEM_SKILL.cs,FAT.MSG,GAME_BOARD_ITEM_SKILL,棋盘事件类型,142,21e6b3875db5f0ea857d9cd1154697bd3a4a1d759e6ef60a637d17c61dca3115
scripts/asmdef_fat_runtime/FAT/MSG/GAME_BOARD_ITEM_TAP.cs,FAT.MSG,GAME_BOARD_ITEM_TAP,棋盘事件类型,110,193d61824dac7778b55cc174ef810309b28b80ce3aee3b33ed528a9c83b67a2e
scripts/asmdef_fat_runtime/FAT/MSG/GAME_MERGE_ITEM_EVENT.cs,FAT.MSG,GAME_MERGE_ITEM_EVENT,棋盘事件类型,127,21e98a9f322035942edb8d5f6a20138dee109d5b07ce9f4c8dbdb6ae214a31c6
scripts/asmdef_fat_runtime/FAT/MSG/GAME_MERGE_WORLD_CLEAR.cs,FAT.MSG,GAME_MERGE_WORLD_CLEAR,棋盘事件类型,119,172ddb1961bfb39326b43223b281bb4cc036b394bf82fadd54e0e294aec9ff8a
scripts/asmdef_fat_runtime/FAT/MSG/GAME_RESCUE_BOARD_AREA_CHANGE.cs,FAT.MSG,GAME_RESCUE_BOARD_AREA_CHANGE,棋盘事件类型,125,f5b9e677b4a24be416a28360e950ca7f3096dd2c9b6be72eaa8aa0bf7f98dd59
scripts/asmdef_fat_runtime/FAT/MSG/MERGE_WORLD_REGISTERED.cs,FAT.MSG,MERGE_WORLD_REGISTERED,棋盘事件类型,119,fe01fa812ee4ec911d3cac559ac873de99d8f60e3eb1134f557de4dda6a8a2f3
scripts/asmdef_fat_runtime/FAT/MSG/MERGE_WORLD_UNREGISTERED.cs,FAT.MSG,MERGE_WORLD_UNREGISTERED,棋盘事件类型,121,669243bed3434d52967f58092257b8b1183330445fe6d04d5c213f22c2dfce81
scripts/asmdef_fat_runtime/FAT/MSG/ON_MERGE_HAS_SCORE_ITEM.cs,FAT.MSG,ON_MERGE_HAS_SCORE_ITEM,棋盘事件类型,119,e41c2d125d06d8f2b912f8c83eac0f6f3552113a9d7da729979ced0952e988d6
scripts/asmdef_fat_runtime/FAT/MSG/ON_USE_JOKER_ITEM_UPGRADE.cs,FAT.MSG,ON_USE_JOKER_ITEM_UPGRADE,棋盘事件类型,121,939fb2d093901da9db36a9bbe1241b4edd624b1afac600f9f83cb4ea754f0930
scripts/asmdef_fat_runtime/FAT/MSG/ON_USE_SPEED_UP_ITEM.cs,FAT.MSG,ON_USE_SPEED_UP_ITEM,棋盘事件类型,116,6d5d6f7abf889e2750eed982ec126b746d591b74433f09eec6eeb7355862a2e8
scripts/asmdef_fat_runtime/FAT/MSG/UI_ACTIVITY_BOARD_MOVE_COLLECT.cs,FAT.MSG,UI_ACTIVITY_BOARD_MOVE_COLLECT,棋盘事件类型,161,4bfa49f29ef92c58a9fcec7bd5b9b5dc813f44bd684f02858b045ee986bc7f8a
scripts/asmdef_fat_runtime/FAT/MSG/UI_AREA_BOARD_CLOUDCHANGE.cs,FAT.MSG,UI_AREA_BOARD_CLOUDCHANGE,棋盘事件类型,116,4c367ed6ef8b9fbd018162dcae3991af8f50ae54273a1214aca7d5b5380de98d
scripts/asmdef_fat_runtime/FAT/MSG/UI_AREA_BOARD_UNLOCK_ITEM.cs,FAT.MSG,UI_AREA_BOARD_UNLOCK_ITEM,棋盘事件类型,116,4dab63457c5d9948ee74410bb0fadf389179ca9dabc5028e2334707bc0a57735
scripts/asmdef_fat_runtime/FAT/MSG/UI_BOARD_DRAG_ITEM_CUSTOM.cs,FAT.MSG,UI_BOARD_DRAG_ITEM_CUSTOM,棋盘事件类型,144,690afe78a7f3e9a82bc259a16a4bde4849236c80980ff7860b7b80f85101a383
scripts/asmdef_fat_runtime/FAT/MSG/UI_BOARD_DRAG_ITEM_END.cs,FAT.MSG,UI_BOARD_DRAG_ITEM_END,棋盘事件类型,141,990797e61c04026176c00f1b9471e88339da4fee5bae5a08609e1b5f80c86ec0
scripts/asmdef_fat_runtime/FAT/MSG/UI_BOARD_DRAG_ITEM_END_CUSTOM.cs,FAT.MSG,UI_BOARD_DRAG_ITEM_END_CUSTOM,棋盘事件类型,148,bf0c391da4a93123287d52f7f9274c90c781b7bbcedc1fbf94188b9cae050061
scripts/asmdef_fat_runtime/FAT/MSG/UI_BOARD_DRAG_ITEM_SOMETHING.cs,FAT.MSG,UI_BOARD_DRAG_ITEM_SOMETHING,棋盘事件类型,147,58eb47c6f70e910833b452403d0190456a7ec5912deb8ede324983a9cbfa9848
scripts/asmdef_fat_runtime/FAT/MSG/UI_BOARD_ITEM_SPEEDUP_TIP.cs,FAT.MSG,UI_BOARD_ITEM_SPEEDUP_TIP,棋盘事件类型,116,5cb0675efeb8a8d1328ea1e11e2620b958144f445400b3e93758f2fdc815a7c2
scripts/asmdef_fat_runtime/FAT/MSG/UI_BOARD_SELECT_ITEM.cs,FAT.MSG,UI_BOARD_SELECT_ITEM,棋盘事件类型,111,ba3514be96e9bea6bb781f50f95f9293da7f55ffbd04ace75b946b6a8d7f2e87
scripts/asmdef_fat_runtime/FAT/MSG/UI_BOARD_USE_ITEM.cs,FAT.MSG,UI_BOARD_USE_ITEM,棋盘事件类型,108,5b430e8859223643e60b222ab795e353b6a18062efe6c13023e38b50e870c674
scripts/asmdef_fat_runtime/FAT/MSG/UI_ENERGY_BOOST_UNLOCK_FLY_FEEDBACK.cs,FAT.MSG,UI_ENERGY_BOOST_UNLOCK_FLY_FEEDBACK,棋盘事件类型,138,b38a12040365f8ad67dd7387e208c05508c054287700c12bca6a74b2e5e013dc
scripts/asmdef_fat_runtime/FAT/MSG/UI_FARM_BOARD_MOVE_UP_COLLECT.cs,FAT.MSG,UI_FARM_BOARD_MOVE_UP_COLLECT,棋盘事件类型,165,aa786eb25fe95de806fad8fe65592c9e2c91c437eb91d658c1f0b43defdc4779
scripts/asmdef_fat_runtime/FAT/MSG/UI_FARM_BOARD_UNLOCK_ITEM.cs,FAT.MSG,UI_FARM_BOARD_UNLOCK_ITEM,棋盘事件类型,116,2c1ad87b916624348c504d5b407b9cc7a59e1f4ccc6200bde4aa3d438d175734
scripts/asmdef_fat_runtime/FAT/MSG/UI_FEST_BOARD_BUILDING_UNLOCK.cs,FAT.MSG,UI_FEST_BOARD_BUILDING_UNLOCK,棋盘事件类型,120,2285ebd78632549251ab919e89a22a8b6f05f36f8d19f902cdc90261a46f0712
scripts/asmdef_fat_runtime/FAT/MSG/UI_FEST_BOARD_CLOUDCHANGE.cs,FAT.MSG,UI_FEST_BOARD_CLOUDCHANGE,棋盘事件类型,116,7666d92c0552ffbf4c68904bda894fa03025752883a4c058ac5ea6e733bc85bf
scripts/asmdef_fat_runtime/FAT/MSG/UI_FEST_BOARD_UNLOCK_ITEM.cs,FAT.MSG,UI_FEST_BOARD_UNLOCK_ITEM,棋盘事件类型,116,7f09093de8017e29b7afa8b7572ceb78d5dbdbcc9a04c567977c166c93f1dd30
scripts/asmdef_fat_runtime/FAT/MSG/UI_FEST_BOARD_USE_SPIN_ITEM.cs,FAT.MSG,UI_FEST_BOARD_USE_SPIN_ITEM,棋盘事件类型,118,f9c186d9b14632182053bd85ba273ff055b4f424a945bebfa78e1e3a72e368ac
scripts/asmdef_fat_runtime/FAT/MSG/UI_MINECART_BOARD_MOVE_UP.cs,FAT.MSG,UI_MINECART_BOARD_MOVE_UP,棋盘事件类型,156,096a889405b751e78845813631a633ca73e55fb88f70b771f287a4c1aa629572
scripts/asmdef_fat_runtime/FAT/MSG/UI_MINECART_BOARD_UNLOCK_ITEM.cs,FAT.MSG,UI_MINECART_BOARD_UNLOCK_ITEM,棋盘事件类型,120,d4d6380470df8e9e61d99c87a6ac9d315c1408c3b4e48a57ae32532f721daae2
scripts/asmdef_fat_runtime/FAT/MSG/UI_MINE_BOARD_MOVE_UP_COLLECT.cs,FAT.MSG,UI_MINE_BOARD_MOVE_UP_COLLECT,棋盘事件类型,165,2d6477490daccec6fb6a8e1c0a7510e0c1812b9e86cc4096277ad4ae6444bb9b
scripts/asmdef_fat_runtime/FAT/MSG/UI_MINE_BOARD_UNLOCK_ITEM.cs,FAT.MSG,UI_MINE_BOARD_UNLOCK_ITEM,棋盘事件类型,116,5089d0e7ab7603a8729329a6f439a8009cb522bc82ed914457f49235eb7c2b09
scripts/asmdef_fat_runtime/FAT/MSG/UI_MINI_BOARD_MULTI_UNLOCK_ITEM.cs,FAT.MSG,UI_MINI_BOARD_MULTI_UNLOCK_ITEM,棋盘事件类型,122,4d05619be74712305e2ebea77deccd789f448db8a8d03f54f927a1a24076f8f1
scripts/asmdef_fat_runtime/FAT/MSG/UI_MINI_BOARD_UNLOCK_ITEM.cs,FAT.MSG,UI_MINI_BOARD_UNLOCK_ITEM,棋盘事件类型,116,f6f0d8e134cfef896ee06aa49a0151ef9316be4b29719321905a4ea423f6a0f9
scripts/asmdef_fat_runtime/FAT/MSG/UI_WISH_BOARD_MOVE_UP_COLLECT.cs,FAT.MSG,UI_WISH_BOARD_MOVE_UP_COLLECT,棋盘事件类型,165,ff53f5db8b525c189cc3d6a0fb05bfa09199c5a2b7123d93cf32b74f90f2bf42
scripts/asmdef_fat_runtime/FAT/MSG/UI_WISH_BOARD_UNLOCK_ITEM.cs,FAT.MSG,UI_WISH_BOARD_UNLOCK_ITEM,棋盘事件类型,116,431e2abc33e8f5fc7be574c2e11728054e52f09918264245d9d3c33aac226afc
scripts/asmdef_fat_runtime/FAT/MainBoardIntroProvider.cs,FAT,MainBoardIntroProvider,二合调用/状态/依赖,346,52f9cf7728c03b9709912a3f3306b2c876b76247058ca0715fac7630320a3935
scripts/asmdef_fat_runtime/FAT/MainMergeMan.cs,FAT,MainMergeMan,二合主控/状态,1133,6dcb65ed2edc4321485a59f706b9623bdfd3f9c9db037f8e4d7699a3e78adb81
scripts/asmdef_fat_runtime/FAT/MainOrderMan.cs,FAT,MainOrderMan,二合调用/状态/依赖,1918,bd77017e4ba5691f9053d84e81d75f34c4b66e274ab4f67f067d9343075f698a
scripts/asmdef_fat_runtime/FAT/MatchChecker.cs,FAT,MatchChecker;HintScanItem;HintScanItemComparer,二合调用/状态/依赖,3642,15666a8f183645e7d1c934898721aefdaf82d22bfdf9a41c8e022b526c0e0d8c
scripts/asmdef_fat_runtime/FAT/Merge/ActivityEnergyDisposeBonusHandler.cs,FAT.Merge,ActivityEnergyDisposeBonusHandler,FAT.Merge 原生二合模块,452,63df39989d74f6c44b73834a70d32dc508aa88794cd1d258c05c26fb353b4864
scripts/asmdef_fat_runtime/FAT/Merge/ActivityEnergySpawnBonusHandler.cs,FAT.Merge,ActivityEnergySpawnBonusHandler;Range;CreateParam;ActivityEnergySpawnBonusDebugInfo,FAT.Merge 原生二合模块,2267,81629bc89eb55491a59273a2d83a786d4a07cca02df36b35ebf0f5b1d1c563e6
scripts/asmdef_fat_runtime/FAT/Merge/ActivitySpawnBonusHandler.cs,FAT.Merge,ActivitySpawnBonusHandler,FAT.Merge 原生二合模块,471,eee004199e68af9239d59c36fb7b2f14cc5de15919a80a215edf8b44f350b42c
scripts/asmdef_fat_runtime/FAT/Merge/Area.cs,FAT.Merge,Area,FAT.Merge 原生二合模块,423,fff22c7c8ecf24e8ee181f878a3623cb382efd7e0d5e7c1f9c3204c7d4779350
scripts/asmdef_fat_runtime/FAT/Merge/AreaBoardItemSpawnBonusHandler.cs,FAT.Merge,AreaBoardItemSpawnBonusHandler,FAT.Merge 原生二合模块,1691,35c497c9d5b535ec65db6e0746d61ad45b0c535710bd2d8620e06750b36d4964
scripts/asmdef_fat_runtime/FAT/Merge/BaoDiMergeBonusHandler.cs,FAT.Merge,BaoDiMergeBonusHandler;Range;CreateParam;BaoDiMergeBonusDebugInfo,FAT.Merge 原生二合模块,2485,af6231a83707cb7a5552922e590fc8d0ac8666032713ac168070deac7a9fb458
scripts/asmdef_fat_runtime/FAT/Merge/BaseItemSpawnBonusHandler.cs,FAT.Merge,BaseItemSpawnBonusHandler,FAT.Merge 原生二合模块,1734,0af2b5e8f9789695a0ca4f9305edb915372a66e7d363da249910d73db37c6dde
scripts/asmdef_fat_runtime/FAT/Merge/Board.cs,FAT.Merge,Board;FindEmptyIndexParam,FAT.Merge 原生二合模块,17276,f97a2d3b5b18727de728f4dd5781a3ceb649212ae6607b4f360846592c28e603
scripts/asmdef_fat_runtime/FAT/Merge/BubbleMergeBonusHandler.cs,FAT.Merge,BubbleMergeBonusHandler,FAT.Merge 原生二合模块,405,5d6ed7ef10b71996362276a7a12ef776a3541921a7512be223881b9ba345d85f
scripts/asmdef_fat_runtime/FAT/Merge/ClearBoardResult.cs,FAT.Merge,ClearBoardResult;ItemResultType;ItemDestroyType;RewardListDestroyType,FAT.Merge 原生二合模块,1246,7a2eb3f1c59eb956bfa1096ac5bcce4a98f428c17f7b3e9f21e2707047d31d9a
scripts/asmdef_fat_runtime/FAT/Merge/ClearMergeBoardHint.cs,FAT.Merge,ClearMergeBoardHint,FAT.Merge 原生二合模块,111,156a3b26a51ae9d814094a0cae3ee34dc20f4f3e2e41cb161e4023d9617444c6
scripts/asmdef_fat_runtime/FAT/Merge/Cloud.cs,FAT.Merge,Cloud,FAT.Merge 原生二合模块,1262,bc300e4fabbca08f9646f550aeae464d12d231cb82493b5c23e9926c73535bba
scripts/asmdef_fat_runtime/FAT/Merge/CloudType.cs,FAT.Merge,CloudType,FAT.Merge 原生二合模块,80,c7426b882c3abfd02334b21f83d17961224c203308f73cb7ff4ba8feda96e240
scripts/asmdef_fat_runtime/FAT/Merge/ConfigMergeBonusHandler.cs,FAT.Merge,ConfigMergeBonusHandler,FAT.Merge 原生二合模块,297,761e0366117f196549489db3f587dd17e15e5164a7541853279d9d9d67903c07
scripts/asmdef_fat_runtime/FAT/Merge/DefaultRunningEnv.cs,FAT.Merge,DefaultRunningEnv,FAT.Merge 原生二合模块,144,6ada668a9805ff3071e042e817c0268cbdbe44c73024a71662598d0a885b7ffa
scripts/asmdef_fat_runtime/FAT/Merge/DiningBoardItemSpawnBonusHandler.cs,FAT.Merge,DiningBoardItemSpawnBonusHandler,FAT.Merge 原生二合模块,789,2c5b8b706791e5e88c1b7247e62791453e4dff77a06297a93aa261c0a36b0721
scripts/asmdef_fat_runtime/FAT/Merge/DisposeBonusContext.cs,FAT.Merge,DisposeBonusContext,FAT.Merge 原生二合模块,173,6b48464f9ad08bcf12d7089343e9ca07b018d7d2d803838fdc67c336a15cfcfa
scripts/asmdef_fat_runtime/FAT/Merge/EatGroup.cs,FAT.Merge,EatGroup,FAT.Merge 原生二合模块,334,d6ebfc3347548495575a9211fcbeea9b22a9152c5ecbccb528cd260777509b0f
scripts/asmdef_fat_runtime/FAT/Merge/EffectUtility.cs,FAT.Merge,EffectUtility,FAT.Merge 原生二合模块,168,74b2ef1944343631bab8e2785f2a6e2f842bfed646b2433667de57bc49d5ffcd
scripts/asmdef_fat_runtime/FAT/Merge/EnergyBoostState.cs,FAT.Merge,EnergyBoostState,FAT.Merge 原生二合模块,110,486b22900dc6a6beed67674d9edc2e0c123a9a949df6b5737abb9b5906da50af
scripts/asmdef_fat_runtime/FAT/Merge/EnergyBoostUtility.cs,FAT.Merge,EnergyBoostUtility;BetState,FAT.Merge 原生二合模块,2908,45d64440c28c0a34bfa303f43d0fe2bebab6c9ecc228a7d30286f8783d669b1c
scripts/asmdef_fat_runtime/FAT/Merge/Env.cs,FAT.Merge,Env,FAT.Merge 原生二合模块,208,36fecf96fb8f2df3b10399f8cbd45f153b0409e9b1ee3ed14b5c1d7a8754a63a
scripts/asmdef_fat_runtime/FAT/Merge/FarmBoardItemSpawnBonusHandler.cs,FAT.Merge,FarmBoardItemSpawnBonusHandler,FAT.Merge 原生二合模块,766,ccd34a7325cbd93f8aae3cf9c2fb8b4de87aae4c4509ffbc7057d7e63a2250e4
scripts/asmdef_fat_runtime/FAT/Merge/FestBoardItemSpawnBonusHandler.cs,FAT.Merge,FestBoardItemSpawnBonusHandler,FAT.Merge 原生二合模块,763,698dc5d943413aa1b12d837a64ab8a03b583145e0e8fc4d47b8108a02388d21e
scripts/asmdef_fat_runtime/FAT/Merge/FishingBoardItemSpawnBonusHandler.cs,FAT.Merge,FishingBoardItemSpawnBonusHandler,FAT.Merge 原生二合模块,768,4fb3740d81f9e9dbe7a4f5fea6ed2ca0dfa1bc3465b985a6c6d81bb387b967e1
scripts/asmdef_fat_runtime/FAT/Merge/FogScoreSpawnBonusHandler.cs,FAT.Merge,FogScoreSpawnBonusHandler,FAT.Merge 原生二合模块,769,16fac257e9a2825d8fc80beec7ad6a29d966d3cfa7de9a4cbe0ab53d23eca119
scripts/asmdef_fat_runtime/FAT/Merge/FrozenItemMergeBonusHandler.cs,FAT.Merge,FrozenItemMergeBonusHandler,FAT.Merge 原生二合模块,1903,1bef340986b6df67dedeacc82ab6b94e2f0b05898005eba2dd27aa5d3438a620
scripts/asmdef_fat_runtime/FAT/Merge/FrozenItemSpawnBonusHandler.cs,FAT.Merge,FrozenItemSpawnBonusHandler,FAT.Merge 原生二合模块,501,4840e57099eabdfddbb28397ecd7d65cb0dde13cc1d2edee3e9bccdb1453fec0
scripts/asmdef_fat_runtime/FAT/Merge/GameMergeEnv.cs,FAT.Merge,GameMergeEnv,FAT.Merge 原生二合模块,4350,a153231ed4be173bff6c82556c7d19fe82d223093c39e442c45d820014a4cff0
scripts/asmdef_fat_runtime/FAT/Merge/GirdReward.cs,FAT.Merge,GirdReward,FAT.Merge 原生二合模块,1301,e79ee70e81a97685e9c2e99854f3f08d2baa00f1b15e3db4db07953b1a86a0ad
scripts/asmdef_fat_runtime/FAT/Merge/GirdRewardData.cs,FAT.Merge,GirdRewardData,FAT.Merge 原生二合模块,518,10941e6e2f686b774efce53e58b9b4aa92924ca1d5819e8287287e4a62869540
scripts/asmdef_fat_runtime/FAT/Merge/GridState.cs,FAT.Merge,GridState,FAT.Merge 原生二合模块,82,367284215f0e7eb239e9a17f6f22746b0fb94e4027c342a54e38be789bba4ae6
scripts/asmdef_fat_runtime/FAT/Merge/IComponentEventsEffectChange.cs,FAT.Merge,IComponentEventsEffectChange,FAT.Merge 原生二合模块,121,078f2de374165e3ff4d9541c5cfd09e3e70983fcc256bd5eec68dd53ba48e598
scripts/asmdef_fat_runtime/FAT/Merge/IComponentEventsItemMove.cs,FAT.Merge,IComponentEventsItemMove,FAT.Merge 原生二合模块,94,4792065ce9bb2526ee8d065d50b2855b93becbe7d1585e48ea634a4ffd79560f
scripts/asmdef_fat_runtime/FAT/Merge/IComponentEventsItemStatusChange.cs,FAT.Merge,IComponentEventsItemStatusChange,FAT.Merge 原生二合模块,110,60e914387343300351ba3ec0c5e7be9172e0da049bb1503316c5937169ac39f8
scripts/asmdef_fat_runtime/FAT/Merge/IDisposeBonusHandler.cs,FAT.Merge,IDisposeBonusHandler,FAT.Merge 原生二合模块,185,fba65fbcd27511f0d635eafae17ab36447b00589409479962e5b471da8d7a812
scripts/asmdef_fat_runtime/FAT/Merge/IEffectReceiver.cs,FAT.Merge,IEffectReceiver,FAT.Merge 原生二合模块,110,c05f5342095e70a021727a9f20279de8d68eb7ceb8b622b2d73cc2d6befb3cf2
scripts/asmdef_fat_runtime/FAT/Merge/IEnergyBoostReplaceItem.cs,FAT.Merge,IEnergyBoostReplaceItem,FAT.Merge 原生二合模块,137,b068ed57d7784931208957f8f188c902d6adc4eb25ab9c23c68dfa3f3879957a
scripts/asmdef_fat_runtime/FAT/Merge/IExternalOutput.cs,FAT.Merge,IExternalOutput,FAT.Merge 原生二合模块,209,bf4d37b1ee8074f2a68d13e5ad612cd042a2c5dd8af359a2d6a8685917959442
scripts/asmdef_fat_runtime/FAT/Merge/IInventoryBagMetaInfo.cs,FAT.Merge,IInventoryBagMetaInfo,FAT.Merge 原生二合模块,70,7568f9df6cb95e23abbc8b6e16fd3e0e53fe3d022bb9809c76a8f6dbcebeee83
scripts/asmdef_fat_runtime/FAT/Merge/IItemComponentPool.cs,FAT.Merge,IItemComponentPool,FAT.Merge 原生二合模块,139,6cd2ee22ef173d77d2858fcad0f8c0a687da8bcc40b580acc704f8adb6877e07
scripts/asmdef_fat_runtime/FAT/Merge/IMergeBonusHandler.cs,FAT.Merge,IMergeBonusHandler,FAT.Merge 原生二合模块,181,5fe62cfe4f265ad776d94b8ba3028ba540fd4ed83dde0b38f15ecff7d3d203e9
scripts/asmdef_fat_runtime/FAT/Merge/IMergeEnvironment.cs,FAT.Merge,IMergeEnvironment,FAT.Merge 原生二合模块,2514,072915d64a544d341b2e878864a7e616cfe405602e4527ae298c51c89720d163
scripts/asmdef_fat_runtime/FAT/Merge/IMergeGrid.cs,FAT.Merge,IMergeGrid,FAT.Merge 原生二合模块,104,b836f9b8f0ad7a7d09a572ea9116e42e334178b74729ece192bacedeb3d57c62
scripts/asmdef_fat_runtime/FAT/Merge/IMergeItemIndicatorHandler.cs,FAT.Merge,IMergeItemIndicatorHandler,FAT.Merge 原生二合模块,178,8fcde370a97fd41b87705a5d425731fcae0d41b421d475922376b8019b25ce50
scripts/asmdef_fat_runtime/FAT/Merge/IMergeWorldPrivate.cs,FAT.Merge,IMergeWorldPrivate,FAT.Merge 原生二合模块,146,359239df930480ca39b00b4ac0113f572755efb5529842bc95d6f39fb4bc795c
scripts/asmdef_fat_runtime/FAT/Merge/IRunningEnvironment.cs,FAT.Merge,IRunningEnvironment,FAT.Merge 原生二合模块,97,6c54535faeb7f44513ac276793169ac96b5263abe1567d4166f0a61d2180dfe3
scripts/asmdef_fat_runtime/FAT/Merge/IScoreActivity.cs,FAT.Merge,IScoreActivity,FAT.Merge 原生二合模块,136,e142ce4778ed16b1ece6479c9fb76d9614887e50610f173a8c333e838e064048
scripts/asmdef_fat_runtime/FAT/Merge/ISpawnBonusHandler.cs,FAT.Merge,ISpawnBonusHandler,FAT.Merge 原生二合模块,181,1ef5cc9f5430dd9a553831ab0ac5298506bbf2d89c52c31753986a22e036de87
scripts/asmdef_fat_runtime/FAT/Merge/ISpawnEffect.cs,FAT.Merge,ISpawnEffect,FAT.Merge 原生二合模块,61,5ac03659844020111004c8fcefed2f49e86bb1c422b544bb84594be74e58e9dd
scripts/asmdef_fat_runtime/FAT/Merge/ISpawnEffectWithTrail.cs,FAT.Merge,ISpawnEffectWithTrail,FAT.Merge 原生二合模块,152,abb4c2e1fbcc699348503909ee9d83a67e0660190036544be917262885957063
scripts/asmdef_fat_runtime/FAT/Merge/IndepenBoardRunningEnv.cs,FAT.Merge,IndepenBoardRunningEnv,FAT.Merge 原生二合模块,149,aadded0392fe8fb0bc30bbef84104ed41bbf01e5f901cb5b6c366c3a41df371a
scripts/asmdef_fat_runtime/FAT/Merge/InterlaceOutputMethod.cs,FAT.Merge,InterlaceOutputMethod,FAT.Merge 原生二合模块,1112,81e0d4b60dfe533f321a93cd37f7b4593fe0aa9b6bc88116e1275c4222d98a3e
scripts/asmdef_fat_runtime/FAT/Merge/Inventory.cs,FAT.Merge,Inventory,FAT.Merge 原生二合模块,2486,fa2c6e2ac6c018cedf98f6751ceec36ac409adc2ab30c554d5b66d79e9622881
scripts/asmdef_fat_runtime/FAT/Merge/InventoryBag.cs,FAT.Merge,InventoryBag,FAT.Merge 原生二合模块,1592,3d5bff19e8bf25bb60f7f7ccde99acfd9f6fc6797dd500a289f67bd65c7fa960
scripts/asmdef_fat_runtime/FAT/Merge/Item.cs,FAT.Merge,Item,FAT.Merge 原生二合模块,6213,bd7737546b5cfa1ccfa9951dc09393399bff88e92936b854fa841eb90328150e
scripts/asmdef_fat_runtime/FAT/Merge/ItemActiveSourceComponent.cs,FAT.Merge,ItemActiveSourceComponent,FAT.Merge 原生二合模块,936,b5b0c1edb1e5991958be6a16af4382fcd073f42b8a77a0dbad9b2f250488f706
scripts/asmdef_fat_runtime/FAT/Merge/ItemActivityComponent.cs,FAT.Merge,ItemActivityComponent,FAT.Merge 原生二合模块,533,7c62ba992590f4ccf970694ca3f2ba3bdda12fbc845a58135ee66f453b46162e
scripts/asmdef_fat_runtime/FAT/Merge/ItemActivityTokenComponent.cs,FAT.Merge,ItemActivityTokenComponent,FAT.Merge 原生二合模块,872,213afcbb7cf9783d6468c26db4020d8cf81fd074f1d5bf41d42a6afde98a475f
scripts/asmdef_fat_runtime/FAT/Merge/ItemAutoSourceComponent.cs,FAT.Merge,ItemAutoSourceComponent,FAT.Merge 原生二合模块,2555,80de187bf64c7c829558fb05c251e4b7471cd38f8957de630246b92164a6ca25
scripts/asmdef_fat_runtime/FAT/Merge/ItemBonusCompoent.cs,FAT.Merge,ItemBonusCompoent,FAT.Merge 原生二合模块,831,5bca85460de0f829b798f5b168f92891875e73943ba7eb137b7d343d2bd6cd04
scripts/asmdef_fat_runtime/FAT/Merge/ItemBoxComponent.cs,FAT.Merge,ItemBoxComponent,FAT.Merge 原生二合模块,931,2ac35394e9694210d3174f45343408a6abbfbcf1ac5e90a0f8848f714ea83c6e
scripts/asmdef_fat_runtime/FAT/Merge/ItemBubbleComponent.cs,FAT.Merge,ItemBubbleComponent,FAT.Merge 原生二合模块,1574,7f6a1cf85da0a82a6689fb9e733e588f9c5a7169a60b34435930638280253bb7
scripts/asmdef_fat_runtime/FAT/Merge/ItemBubbleType.cs,FAT.Merge,ItemBubbleType,FAT.Merge 原生二合模块,97,a6091f0a84f9e147678de5479d88ad3f7377754b4403bcea52bfd400af72b3b6
scripts/asmdef_fat_runtime/FAT/Merge/ItemChestComponent.cs,FAT.Merge,ItemChestComponent,FAT.Merge 原生二合模块,1851,c995c6eeb466ff2a8a87b7de91b3062a95eb9ee5074a1f68b671960d10a75146
scripts/asmdef_fat_runtime/FAT/Merge/ItemChoiceBoxComponent.cs,FAT.Merge,ItemChoiceBoxComponent,FAT.Merge 原生二合模块,1392,cf1b37f5c9704e6f66892d9b8ce4331160677bd1dfe26af1d33d3446ad23e66d
scripts/asmdef_fat_runtime/FAT/Merge/ItemClickSourceComponent.cs,FAT.Merge,ItemClickSourceComponent,FAT.Merge 原生二合模块,4340,8143914b62de3bb950adbcecbb099a26685ba0bdf1b966a963346345acf27b52
scripts/asmdef_fat_runtime/FAT/Merge/ItemComConfig.cs,FAT.Merge,ItemComConfig,FAT.Merge 原生二合模块,1033,157aa3791c6028281bb2c8c97c2ac6d07ac1d1fc3352579c0e07de50e669d0bb
scripts/asmdef_fat_runtime/FAT/Merge/ItemComponentBase.cs,FAT.Merge,ItemComponentBase,FAT.Merge 原生二合模块,1566,37bdf6f7b94d66a75a3ab8f7a3f5cf42ad81e57ffa52de256c5e5c9e8a8cd491
scripts/asmdef_fat_runtime/FAT/Merge/ItemComponentPool.cs,FAT.Merge,ItemComponentPool,FAT.Merge 原生二合模块,423,857370ca6be93921d3864c38b64194bf90d233221886f72c2218ba73f16c8670
scripts/asmdef_fat_runtime/FAT/Merge/ItemComponentTable.cs,FAT.Merge,ItemComponentTable,FAT.Merge 原生二合模块,1771,101fa8cc98458900ca765962d0767859cac60f13beab8428e20aad6d5b7d036c
scripts/asmdef_fat_runtime/FAT/Merge/ItemComponentType.cs,FAT.Merge,ItemComponentType,FAT.Merge 原生二合模块,516,7532fd6d5b73e3fb06c1aa64fd58387ebcc07ea0dbadf28299caa9f6e6a9e6e2
scripts/asmdef_fat_runtime/FAT/Merge/ItemConsumeRequest.cs,FAT.Merge,ItemConsumeRequest,FAT.Merge 原生二合模块,110,1f87040f6b52dbd3d47efbab872a686da21d832582812eb531f85a350afaf05b
scripts/asmdef_fat_runtime/FAT/Merge/ItemDeadType.cs,FAT.Merge,ItemDeadType,FAT.Merge 原生二合模块,434,51b8f5426c00f77a6df32835e0c8b956705c406ee594da2babb0476ec79445c4
scripts/asmdef_fat_runtime/FAT/Merge/ItemDyingComponent.cs,FAT.Merge,ItemDyingComponent,FAT.Merge 原生二合模块,264,b4796dcf22a1f5c438f064e89a3fa007be7be7c7264fec7f640a826ee199ba21
scripts/asmdef_fat_runtime/FAT/Merge/ItemEatComponent.cs,FAT.Merge,ItemEatComponent,FAT.Merge 原生二合模块,1915,aa52598e542a29b65eee2296337b055b91caea2d67f4f8e8d63a1d4250501d91
scripts/asmdef_fat_runtime/FAT/Merge/ItemEatSourceComponent.cs,FAT.Merge,ItemEatSourceComponent;EatGroup;Status,FAT.Merge 原生二合模块,2900,ef81f8caba98ec913645e9ba255af72dd6f546a82a1c3221e895f67fe7300172
scripts/asmdef_fat_runtime/FAT/Merge/ItemEventType.cs,FAT.Merge,ItemEventType,FAT.Merge 原生二合模块,604,32b1dfc8794b722cb3686829cf6d0aff70a55ab59c3aa8d5a890c23719db713e
scripts/asmdef_fat_runtime/FAT/Merge/ItemFeatureComponent.cs,FAT.Merge,ItemFeatureComponent,FAT.Merge 原生二合模块,366,cfc097ead86f29f7191f0ed958477ef0b96f3613bd684bb66350f46512d1ca47
scripts/asmdef_fat_runtime/FAT/Merge/ItemFrozenOverrideComponent.cs,FAT.Merge,ItemFrozenOverrideComponent,FAT.Merge 原生二合模块,188,bf286ca3c57936ac2b2f7b2071cd6320a61893921de0bc3d5d122620fcfa3e6e
scripts/asmdef_fat_runtime/FAT/Merge/ItemIndType.cs,FAT.Merge,ItemIndType,FAT.Merge 原生二合模块,153,2a59319ebee053dad117822151bec172c8d211747a75df22fca13150d6af351c
scripts/asmdef_fat_runtime/FAT/Merge/ItemInteractContext.cs,FAT.Merge,ItemInteractContext,FAT.Merge 原生二合模块,115,361b71ef4e29c6311810336809f4686211ed6052a2ffb12e2585e9bdb2d11d30
scripts/asmdef_fat_runtime/FAT/Merge/ItemJumpCDComponent.cs,FAT.Merge,ItemJumpCDComponent,FAT.Merge 原生二合模块,463,c80330f9b44eded8c6d5f08169252d67f97d318fa72fba3fa53d217b2e406ac7
scripts/asmdef_fat_runtime/FAT/Merge/ItemMergeComponent.cs,FAT.Merge,ItemMergeComponent,FAT.Merge 原生二合模块,642,a0d9b74fc53cde2148c8b3e4cd8dbc7445ed8899c08c1abf6bbeb3cdba6ec09a
scripts/asmdef_fat_runtime/FAT/Merge/ItemMixSourceComponent.cs,FAT.Merge,ItemMixSourceComponent,FAT.Merge 原生二合模块,2855,15135cf1bc3f251e1ac7a3303ef32765a053809170fe081430187a82102a913f
scripts/asmdef_fat_runtime/FAT/Merge/ItemOrderBoxComponent.cs,FAT.Merge,ItemOrderBoxComponent,FAT.Merge 原生二合模块,403,b51d3fc594dec583e31dfcaec79b15bd364722e74f41cdf1472a2cb88fa59329
scripts/asmdef_fat_runtime/FAT/Merge/ItemOutputRandomList.cs,FAT.Merge,ItemOutputRandomList;OutputConstraitFixCount,FAT.Merge 原生二合模块,1227,9fe9d1b56ea51162efa4424cd332f8d4434e4b7591da47df55d2bfb9d8233748
scripts/asmdef_fat_runtime/FAT/Merge/ItemSkillComponent.cs,FAT.Merge,ItemSkillComponent,FAT.Merge 原生二合模块,2229,44ed4c6831ee999e4c99de941557ddff769600beeb2c21cca1398838c7233d5c
scripts/asmdef_fat_runtime/FAT/Merge/ItemSkillState.cs,FAT.Merge,ItemSkillState,FAT.Merge 原生二合模块,119,417c32f460821660e76e019e5215f69614caca3ff2eea550dd6accfaf0749a30
scripts/asmdef_fat_runtime/FAT/Merge/ItemSkillStateType.cs,FAT.Merge,ItemSkillStateType,FAT.Merge 原生二合模块,94,18ca60899a8ebbbf9238be4a5849663e82656a9595da2a631ea19c4942daa040
scripts/asmdef_fat_runtime/FAT/Merge/ItemSourceComponentBase.cs,FAT.Merge,ItemSourceComponentBase;OutputDynamicWeight;OutputSafeRareItem;OutputRandomListItem,FAT.Merge 原生二合模块,2547,2b5d30c38ce1dc356e0cb3cf1217cf1c1b848aee0f413d6beec8090a7bf6eea2
scripts/asmdef_fat_runtime/FAT/Merge/ItemSourceType.cs,FAT.Merge,ItemSourceType,FAT.Merge 原生二合模块,176,e6c3d716130b08c600ba3034ba9ed65f77804112f6cd5a6d789d4c70efe9d332
scripts/asmdef_fat_runtime/FAT/Merge/ItemSpawnContext.cs,FAT.Merge,ItemSpawnContext;SpawnType,FAT.Merge 原生二合模块,1405,8ded11278e1c4f0975256857582e39f4d6575e16f87ecd13167d1b48f661c7d2
scripts/asmdef_fat_runtime/FAT/Merge/ItemSpawnReason.cs,FAT.Merge,ItemSpawnReason,FAT.Merge 原生二合模块,460,a473f1e93cb67a99bc62e3e1817bae37861ab2c87092ca8ef5f2866815a72c90
scripts/asmdef_fat_runtime/FAT/Merge/ItemSpecialBoxComponent.cs,FAT.Merge,ItemSpecialBoxComponent,FAT.Merge 原生二合模块,876,f273f7b123852b3924d2e0b63d8e3b59757e700277afc09b299cac8fd7153322
scripts/asmdef_fat_runtime/FAT/Merge/ItemStateChangeContext.cs,FAT.Merge,ItemStateChangeContext;ChangeReason,FAT.Merge 原生二合模块,390,e144ee30d7c34da784ccdaa6016ca4eda6cdef0613acc684ba729f5949ca00f6
scripts/asmdef_fat_runtime/FAT/Merge/ItemTapBonusComponent.cs,FAT.Merge,ItemTapBonusComponent,FAT.Merge 原生二合模块,464,d49dfa7655daf7e182261ae9b84f3a131756a32f65bf176f9bc42c7f4977febc
scripts/asmdef_fat_runtime/FAT/Merge/ItemTimeSkipCompoent.cs,FAT.Merge,ItemTimeSkipCompoent,FAT.Merge 原生二合模块,402,9bcab7edebef36cf0835cc49c0639111edbf337b60c57f5abedbfd10200d6de0
scripts/asmdef_fat_runtime/FAT/Merge/ItemTokenMultiComponent.cs,FAT.Merge,ItemTokenMultiComponent,FAT.Merge 原生二合模块,662,3ff28f7454ae53e7c9351892e61de17e71907de2e426f3aaa710da3cb5168444
scripts/asmdef_fat_runtime/FAT/Merge/ItemToolSourceComponent.cs,FAT.Merge,ItemToolSourceComponent,FAT.Merge 原生二合模块,1588,9c16d71b86a699725dbdc8e8acc0cf8f9588ea9b43c89e8065f2922dfb469679
scripts/asmdef_fat_runtime/FAT/Merge/ItemTrigAutoSourceComponent.cs,FAT.Merge,ItemTrigAutoSourceComponent,FAT.Merge 原生二合模块,1332,c09d1debde8d46bc39325ebf0d9e03c81a9a609a5acdf432af34678a53a738ed
scripts/asmdef_fat_runtime/FAT/Merge/ItemUseState.cs,FAT.Merge,ItemUseState,FAT.Merge 原生二合模块,205,b1156b141da0b2c888504963a0fae34d9dd6375b6ebddf112ab396762633cf38
scripts/asmdef_fat_runtime/FAT/Merge/ItemUtility.cs,FAT.Merge,ItemUtility;ItemSpeedUpType,FAT.Merge 原生二合模块,7941,3a08f2acf60940cc3aa09a99beb5ef23f093872a9d98a845f1c0b85231a1a561
scripts/asmdef_fat_runtime/FAT/Merge/JumpCD.cs,FAT.Merge,JumpCD,FAT.Merge 原生二合模块,937,089c5237af98757c688296949039c9733e5b2594bbb2bce12b34f7cf2dd57b87
scripts/asmdef_fat_runtime/FAT/Merge/MBBoardEffect_OrderBoxDie.cs,FAT.Merge,MBBoardEffect_OrderBoxDie,FAT.Merge 原生二合模块,263,9ca6268514a1a07fa80161ff053342aa98de4097a9af91514305e704e2f1e60b
scripts/asmdef_fat_runtime/FAT/Merge/MBBoardEffect_SpawnShadow.cs,FAT.Merge,MBBoardEffect_SpawnShadow,FAT.Merge 原生二合模块,284,fed940ff6b2ac32a515f310304712c564df931a83ddea11ae1faa800d8647c6d
scripts/asmdef_fat_runtime/FAT/Merge/MBBoardOrderBox.cs,FAT.Merge,MBBoardOrderBox,FAT.Merge 原生二合模块,814,e8a5e53f761cf57bf85ccb13822c3bcc04079b9eb9aa4e5a4649fa9bed95ffbb
scripts/asmdef_fat_runtime/FAT/Merge/MBBoardOrderBoxV2.cs,FAT.Merge,MBBoardOrderBoxV2,FAT.Merge 原生二合模块,673,77d8a7f76a1ae286c3fa12e8980d84a7d2337bd1ec64dc55c20dc90f3717f251
scripts/asmdef_fat_runtime/FAT/Merge/MBItemUsageAds.cs,FAT.Merge,MBItemUsageAds,FAT.Merge 原生二合模块,280,c47651963fcbd5f51b1f7bc0ec1e6c2115b3d3fa83630dca2192cdc9e6d342f8
scripts/asmdef_fat_runtime/FAT/Merge/MBItemUsageBase.cs,FAT.Merge,MBItemUsageBase,FAT.Merge 原生二合模块,478,76521d3262986dfdc10c7f871baabfe930218625174832ddfc5fe01e70a49e99
scripts/asmdef_fat_runtime/FAT/Merge/MBItemUsageBurstBubble.cs,FAT.Merge,MBItemUsageBurstBubble,FAT.Merge 原生二合模块,358,729523c0ee3b0af550ffab60ba2c102f5a7bad5bdd0454f9668d7b6dedbf4522
scripts/asmdef_fat_runtime/FAT/Merge/MBItemUsageChestOpen.cs,FAT.Merge,MBItemUsageChestOpen,FAT.Merge 原生二合模块,187,38fc058d6e1e65cadbd77a7f3851071f5154f1c87b22cbb82a717dfb54453c06
scripts/asmdef_fat_runtime/FAT/Merge/MBItemUsageDelete.cs,FAT.Merge,MBItemUsageDelete,FAT.Merge 原生二合模块,184,e9b15094eb4e7b074a14d2d71aca1f6337f1cd51811242b28ff5607dbf022fd1
scripts/asmdef_fat_runtime/FAT/Merge/MBItemUsageSell.cs,FAT.Merge,MBItemUsageSell,FAT.Merge 原生二合模块,182,cdca5c6296ce85f70360af11ad4be968dbbe9007bf2283c8e23c221eb8d0b0e8
scripts/asmdef_fat_runtime/FAT/Merge/MBItemUsageSpeedUp.cs,FAT.Merge,MBItemUsageSpeedUp,FAT.Merge 原生二合模块,961,f86172467fe3882e89af6af37840512bb17dbb7b038bac2d17ef58ce7d305c48
scripts/asmdef_fat_runtime/FAT/Merge/MBItemUsageSpeedUpFree.cs,FAT.Merge,MBItemUsageSpeedUpFree,FAT.Merge 原生二合模块,833,581b448cb8c8a9ef28fc0b28a04a9808974e623841dd96279a75bc7380e31a4f
scripts/asmdef_fat_runtime/FAT/Merge/MBItemUsageUndo.cs,FAT.Merge,MBItemUsageUndo,FAT.Merge 原生二合模块,182,ada2c4326ef9c586f748e816b6bf0bb74db8f2aa51a07dd180e5002d74d08120
scripts/asmdef_fat_runtime/FAT/Merge/MBItemView.cs,FAT.Merge,MBItemView,FAT.Merge 原生二合模块,4764,942bbda1f55ba7341c356af239890dc7e66ff5c0892dc7eb38e58efc293cb29e
scripts/asmdef_fat_runtime/FAT/Merge/MergeAdjacentEffect.cs,FAT.Merge,MergeAdjacentEffect,FAT.Merge 原生二合模块,768,998fe728a143919718e43bdfb5b3facb11edd9409efbf36ca533b71c694ff76d
scripts/asmdef_fat_runtime/FAT/Merge/MergeAdjacentEffectTimeScale.cs,FAT.Merge,MergeAdjacentEffectTimeScale,FAT.Merge 原生二合模块,1150,8ce210178ffe7e6554caf3b2bdda0c98132266fa3db1bdbf7574309d0140282d
scripts/asmdef_fat_runtime/FAT/Merge/MergeBonusContext.cs,FAT.Merge,MergeBonusContext,FAT.Merge 原生二合模块,215,7114ddc8eb01a9b2c6b64186f5a63606a82a626a3549d5a3348ca0c439a483d5
scripts/asmdef_fat_runtime/FAT/Merge/MergeFeatureType.cs,FAT.Merge,MergeFeatureType,FAT.Merge 原生二合模块,110,8424c5ba2898ca44bc289c464498d1b5a6b5c9dfd81fbbd24415aeaaccba82c0
scripts/asmdef_fat_runtime/FAT/Merge/MergeGrid.cs,FAT.Merge,MergeGrid,FAT.Merge 原生二合模块,170,a296115f0787ca2af59601ef56cf7c107458507d4d1a6ae07a05ca7a977402ad
scripts/asmdef_fat_runtime/FAT/Merge/MergeState.cs,FAT.Merge,MergeState,FAT.Merge 原生二合模块,141,5ec1c91bf5c55899d8f572bb409048ba1cabc34369ade35ea657368223762f59
scripts/asmdef_fat_runtime/FAT/Merge/MergeWorld.cs,FAT.Merge,MergeWorld;IActivityHandler;MergeWorldInternal;BonusClaimRewardData;WalkItemMask,FAT.Merge 原生二合模块,9064,e8543ee911a394327022f45e47b2e33602ba1c71e7d580b8ad30b6c9e129608c
scripts/asmdef_fat_runtime/FAT/Merge/MergeWorldParam.cs,FAT.Merge,MergeWorldParam,FAT.Merge 原生二合模块,91,3db03ac80297bf1174dc395791509a260f3b6c33adcf2a85a225a0a88d81c2bf
scripts/asmdef_fat_runtime/FAT/Merge/MergeWorldTracer.cs,FAT.Merge,MergeWorldTracer,FAT.Merge 原生二合模块,1885,9d980f5d1c49645f7596ba5e82fccc0bf31a4b10cbd69e7fdcb9d1e8bea88ac0
scripts/asmdef_fat_runtime/FAT/Merge/MineCartItemSpawnBonusHandler.cs,FAT.Merge,MineCartItemSpawnBonusHandler,FAT.Merge 原生二合模块,960,50587727e187d1ba36c138bd0db77e2b658198e93cd4a953d00e4ab168c9f0e1
scripts/asmdef_fat_runtime/FAT/Merge/MineTokenSpawnBonusHandler.cs,FAT.Merge,MineTokenSpawnBonusHandler,FAT.Merge 原生二合模块,1763,231552914959f5c01ba6d354d4ada70f43f166bfc2cf7e8ec536e0de10cdb61f
scripts/asmdef_fat_runtime/FAT/Merge/MiniBoardItemSpawnBonusHandler.cs,FAT.Merge,MiniBoardItemSpawnBonusHandler,FAT.Merge 原生二合模块,844,1d5371f51034806dff09ee7e63b00ffc96ba9b6fae47834c46b2701e612746c0
scripts/asmdef_fat_runtime/FAT/Merge/MiniBoardMultiBonusHandler.cs,FAT.Merge,MiniBoardMultiBonusHandler,FAT.Merge 原生二合模块,840,e38d4092b40e6c25eca7245b1b5387c66fceb48fa4e9382327aa4c638a88e70f
scripts/asmdef_fat_runtime/FAT/Merge/MonopolyItemSpawnBonusHandler.cs,FAT.Merge,MonopolyItemSpawnBonusHandler,FAT.Merge 原生二合模块,1904,b4cbf4e6588b0607eebe96d6700bc368a3729f311ee5d1dff84449fb1fff90de
scripts/asmdef_fat_runtime/FAT/Merge/MoveState.cs,FAT.Merge,MoveState,FAT.Merge 原生二合模块,147,131d921795c575aa3764a611fb6377b8279e50cb8cc63ce0f636ef73d8862f32
scripts/asmdef_fat_runtime/FAT/Merge/OrderBox.cs,FAT.Merge,OrderBox,FAT.Merge 原生二合模块,1165,2dd26b98a3b13110a40e5badf5ae74b2e92a9976e1b1e21becc470f52ecde97f
scripts/asmdef_fat_runtime/FAT/Merge/OutputSpawnBonusHandler.cs,FAT.Merge,OutputSpawnBonusHandler,FAT.Merge 原生二合模块,1073,f1e9d61556b1c097fff7febfc85706f82b52891f63bf2090eaba852a6210106b
scripts/asmdef_fat_runtime/FAT/Merge/RescueTokenSpawnBonusHandler.cs,FAT.Merge,RescueTokenSpawnBonusHandler,FAT.Merge 原生二合模块,1691,acf8551b6f8f81faefb54aef7ead19add0bb76e0449f7aade5bc7250adab69c4
scripts/asmdef_fat_runtime/FAT/Merge/RunningEnv.cs,FAT.Merge,RunningEnv,FAT.Merge 原生二合模块,325,693e1ac3badbf20d00a20502c8832d35ae3865820b55264a5c2ec104f3d418c3
scripts/asmdef_fat_runtime/FAT/Merge/ScoreBoardItemSpawnBonusHandler.cs,FAT.Merge,ScoreBoardItemSpawnBonusHandler,FAT.Merge 原生二合模块,973,b5deb34e821aba0d01d86d048d64e99444c2513b85f388ff4a8190526bfe7e8e
scripts/asmdef_fat_runtime/FAT/Merge/ScoreMergeBonusHandler.cs,FAT.Merge,ScoreMergeBonusHandler,FAT.Merge 原生二合模块,296,0bbd97789bfaf15db47f2ff993cd0533b07de711c749edff0dd2a92aac51bb1b
scripts/asmdef_fat_runtime/FAT/Merge/ScoreMicDisposeBonusHandler.cs,FAT.Merge,ScoreMicDisposeBonusHandler,FAT.Merge 原生二合模块,509,d6fc36b10e186a5434fe178ac3edc0a7ae392f1b05f00186b124226bbcdba08d
scripts/asmdef_fat_runtime/FAT/Merge/ScoreMicSpawnBonusHandler.cs,FAT.Merge,ScoreMicSpawnBonusHandler,FAT.Merge 原生二合模块,1407,88086366700d8f2b68f9ed79a9d27f63433671dae7791e7236175f50551da579
scripts/asmdef_fat_runtime/FAT/Merge/ScoreShopSpawnBonusHandler.cs,FAT.Merge,ScoreShopSpawnBonusHandler,FAT.Merge 原生二合模块,575,4c4918f199bd0226f3eafffbb62c23c7ad5a0c0ce78c61dc964520424016b99a
scripts/asmdef_fat_runtime/FAT/Merge/SpawnBonusContext.cs,FAT.Merge,SpawnBonusContext,FAT.Merge 原生二合模块,252,ac486df9c7966a513296d2e0dd155dc5206356912c0378b74f3e87500d6221ec
scripts/asmdef_fat_runtime/FAT/Merge/SpeedEffect.cs,FAT.Merge,SpeedEffect,FAT.Merge 原生二合模块,700,7554d7f556a0e988fb4357db581e1dff819ccb6d7672859f9fceb406ba2129d6
scripts/asmdef_fat_runtime/FAT/Merge/TileBingoBoardRunningEnv.cs,FAT.Merge,TileBingoBoardRunningEnv,FAT.Merge 原生二合模块,151,1a6dd3a29cac11823bbc193ddf1584f2ad2b9d94aba867e1042129a6b7c421e1
scripts/asmdef_fat_runtime/FAT/Merge/TokenMulti.cs,FAT.Merge,TokenMulti,FAT.Merge 原生二合模块,989,823bd37769178d47c393171f0d283ab917c1af3c82ab0ab2517a2e432ea21abd
scripts/asmdef_fat_runtime/FAT/Merge/UserMergeOperation.cs,FAT.Merge,UserMergeOperation,FAT.Merge 原生二合模块,108,16f78ecaecde80e4b8484a213b586301e0853e60194ef952740659673e3d659b
scripts/asmdef_fat_runtime/FAT/MergeBoardMan.cs,FAT,MergeBoardMan,二合主控/状态,5267,8372cb6c99c6a8d834915268351fa39c99d5944d942c25b9b2cd93f16ac5c840
scripts/asmdef_fat_runtime/FAT/MergeEnergyMan.cs,FAT,MergeEnergyMan,二合主控/状态,2493,aaf1f4f42b2291b0a2b88243388194e29ec116489c0d66937922f82860e159c8
scripts/asmdef_fat_runtime/FAT/MergeHelper.cs,FAT,MergeHelper;MergeAction;AffectedCell,二合主控/状态,1111,4eba7b27541355dfc5454cf763f27f7e9f24ec45cbfbce12177f3f8efa4b2087
scripts/asmdef_fat_runtime/FAT/MergeItemBaseState.cs,FAT,MergeItemBaseState,二合主控/状态,357,ed624fcb7d72f78b458fe81982af832816f630a200b91330226c2a3a985631e6
scripts/asmdef_fat_runtime/FAT/MergeItemBornState.cs,FAT,MergeItemBornState,二合主控/状态,361,7462369fb3f24a2109675f900415e662e9100317f0ebf473d2292985180e3f60
scripts/asmdef_fat_runtime/FAT/MergeItemConsumeState.cs,FAT,MergeItemConsumeState,二合主控/状态,732,3a76f1e2ad00a64b161a760250bd7f2e354442687d1d9c4ae78ee2701d3b3114
scripts/asmdef_fat_runtime/FAT/MergeItemDieState.cs,FAT,MergeItemDieState,二合主控/状态,545,aa27b2fb3b724adfc2a284bd65c83edfb9b5c7239d80257c53a3305f61d36046
scripts/asmdef_fat_runtime/FAT/MergeItemDifficultyMan.cs,FAT,MergeItemDifficultyMan,二合主控/状态,5522,beda95ec96f46265c7fbee4cfbd4c2a6111a2ed6b618b742487131131df26433
scripts/asmdef_fat_runtime/FAT/MergeItemDragState.cs,FAT,MergeItemDragState,二合主控/状态,360,a2714488d864812c0ac5cd3691e01b99c58ffe922fc7662b1f4955ab9b31642f
scripts/asmdef_fat_runtime/FAT/MergeItemIdleState.cs,FAT,MergeItemIdleState,二合主控/状态,361,9ec27ba256c98cf96dbfe2d9a7a7b5400514ec0ad281e7fc1dbfa753f96e9f26
scripts/asmdef_fat_runtime/FAT/MergeItemMan.cs,FAT,MergeItemMan;ItemBubbleSpawnData;MergeItemCategoryRuntimeConfig,二合主控/状态,6883,9125df1d7f6dd922f904085e1cb532945b79f08be76940deee2fbb0cf5fd19aa
scripts/asmdef_fat_runtime/FAT/MergeItemMergeState.cs,FAT,MergeItemMergeState,二合主控/状态,947,5fd2d364c4554c15e2800ee689e318542a24a18ed1eaa6ff03ce1affab60853e
scripts/asmdef_fat_runtime/FAT/MergeItemMixOutputState.cs,FAT,MergeItemMixOutputState,二合主控/状态,671,a1980fdbe146e4f2cc48d99975b5650133e064057e013d019ea163776f384598
scripts/asmdef_fat_runtime/FAT/MergeItemMoveState.cs,FAT,MergeItemMoveState,二合主控/状态,726,5e3dc11fd4f421e656961ba6277cbc88a1e277040a3d46b328f4c671ebd20199
scripts/asmdef_fat_runtime/FAT/MergeItemSpawnPopStateEx.cs,FAT,MergeItemSpawnPopStateEx,二合主控/状态,1031,0845d5b8e0a806fcde8794f64fedd51a4928b80aea9d9af2caa50f2c37dff941
scripts/asmdef_fat_runtime/FAT/MergeItemSpawnRewardState.cs,FAT,MergeItemSpawnRewardState,二合主控/状态,1027,19d2d18274b57625ee41809cbd991e6304fd92b7019b83636af0fde1c5571cf1
scripts/asmdef_fat_runtime/FAT/MergeItemSpawnRewardStatePerf.cs,FAT,MergeItemSpawnRewardStatePerf,二合主控/状态,1035,c0e5bcb9cb0fb47a69f51de6a9747c0dcf4b27b073d9443fb869193d22ac4d76
scripts/asmdef_fat_runtime/FAT/MergeItemSpawnState.cs,FAT,MergeItemSpawnState,二合主控/状态,732,abb1507cecf254bc705f04d638d61f25af7c9636b9bc39cf7cc172ccdf28607a
scripts/asmdef_fat_runtime/FAT/MergeItemSpawnWaitState.cs,FAT,MergeItemSpawnWaitState,二合主控/状态,569,7b7d0e45736674bb4604b5f549bc30cebcee681fa559799c0b396244a82c05a5
scripts/asmdef_fat_runtime/FAT/MergeLevelMan.cs,FAT,MergeLevelMan,二合主控/状态,1916,68276b9bb7c70c001a16c5d7123ad1bbb08bcaa5605f1b0672f557014e568ab7
scripts/asmdef_fat_runtime/FAT/MergeWorldEntry.cs,FAT,MergeWorldEntry;EntryType,二合主控/状态,584,776842c34329533c4a2c8be730a17441b2916cace0ef05cccfea81a28b5f8400
scripts/asmdef_fat_runtime/FAT/MineBoardActivity.cs,FAT,MineBoardActivity;_003CResEnumerate_003Ed__46;implementation,活动棋盘/二合扩展,7595,7600e89d7f36e5ceb452e265a16fcc080cf86b6e4b3d66f997d36a58c8fba2f1
scripts/asmdef_fat_runtime/FAT/MineBoardMan.cs,FAT,MineBoardMan;_003C_CoLoading_003Ed__20;implementation,活动棋盘/二合扩展,4708,a99bd959e96e7075ad87efccbd7f352d9c2da422e9119cb87e7f00a350167409
scripts/asmdef_fat_runtime/FAT/MineCartActivity.cs,FAT,MineCartActivity;ItemOutputType;_003CCoDelayReward_003Ed__153;implementation;_003CCoPlaySound_003Ed__152;_003CResEnumerate_003Ed__31,活动棋盘/二合扩展,11453,16bb51c375e6f7a8b04b614e1218a8d47cbbbe5364c45a84f697605550300463
scripts/asmdef_fat_runtime/FAT/MiniBoardActivity.cs,FAT,MiniBoardActivity;_003CResEnumerate_003Ed__32;implementation,活动棋盘/二合扩展,3804,18973103b3c240eb219bdc6da48b837a0e63f5f1d11ea35b3817b2f3282bcde0
scripts/asmdef_fat_runtime/FAT/MiniBoardActivityHandler.cs,FAT,MiniBoardActivityHandler,活动棋盘/二合扩展,920,38eece6dee68a7b7a30abae5e93f56838460985a7e19e2c10085fb19631e3c49
scripts/asmdef_fat_runtime/FAT/MiniBoardMan.cs,FAT,MiniBoardMan,活动棋盘/二合扩展,2106,817188169972711dd3c249d96ef7d524c6eff462837577a003ece61c35318c5a
scripts/asmdef_fat_runtime/FAT/MiniBoardMultiActivity.cs,FAT,MiniBoardMultiActivity;_003CResEnumerate_003Ed__38;implementation,活动棋盘/二合扩展,4912,765a51183b61569d6b2fb884fe9d4c9cc0df48f1e71ced8b743d148fd33d46b9
scripts/asmdef_fat_runtime/FAT/MiniBoardMultiActivityHandler.cs,FAT,MiniBoardMultiActivityHandler,活动棋盘/二合扩展,940,edb3da0482a8de4eb84b9171c8b568df80af14f917b208c3caf2ac7768fa015c
scripts/asmdef_fat_runtime/FAT/MiniBoardMultiMan.cs,FAT,MiniBoardMultiMan,活动棋盘/二合扩展,4139,c3251b0b504581203cab7d1fe3fc14fe74304a1d0b8982f4e93e215362337fc5
scripts/asmdef_fat_runtime/FAT/ObjectMan.cs,FAT,ObjectMan;RplcReplaceInfo;_003CWalkAllIdWithMask_003Ed__28;implementation,二合调用/状态/依赖,6086,bc69565135f1e427c313d83a4901cf9005901cb50ec3537c45850f7e6d6c389a
scripts/asmdef_fat_runtime/FAT/OrderData.cs,FAT,OrderData,直接基类/接口或关键状态依赖,2318,371eb491cca7faf5610c25ef8f96f577f9cd922fbde0af9984f7237c9202d265
scripts/asmdef_fat_runtime/FAT/OrderUtility.cs,FAT,OrderUtility,二合调用/状态/依赖,3174,cd35583d46dea2198a49f58cc35bc4ac52cc4d58bcb7800423117ea79e6babcf
scripts/asmdef_fat_runtime/FAT/PopupActivity.cs,FAT,PopupActivity,直接基类/接口或关键状态依赖,1475,79872e37dfdb025fd0351e365d5ea528806e21188ac1865bf3f9a6e84a9ec223
scripts/asmdef_fat_runtime/FAT/ReasonString.cs,FAT,ReasonString,二合调用/状态/依赖,17298,cb25ada01c54c2bdc293622b65cf4cafefb931d227c19612a8b6d15a62ae5b1d
scripts/asmdef_fat_runtime/FAT/RecordStateHelper.cs,FAT,RecordStateHelper,二合调用/状态/依赖,1193,763fb965b9bd52d69f56796e0ee6724ea5f1b5316d965d11c99bb30da294c0b9
scripts/asmdef_fat_runtime/FAT/RescueBoardActivity.cs,FAT,RescueBoardActivity;_003CResEnumerate_003Ed__130;implementation,活动棋盘/二合扩展,11248,5589ad9537ae66ca0d86ae31a2bf2e4491e6d224a08586d522554dfbd2dd9636
scripts/asmdef_fat_runtime/FAT/RewardCommitData.cs,FAT,RewardCommitData,二合调用/状态/依赖,742,dbc53410cfcd917a741000d07b934244f6231be7115eada48b7bef35498f559b
scripts/asmdef_fat_runtime/FAT/RewardFlags.cs,FAT,RewardFlags,直接基类/接口或关键状态依赖,142,b6c6bcaf3b2d7856321c81140f83ea287c2915794ad2ead9a4c865ec2129a264
scripts/asmdef_fat_runtime/FAT/RewardMan.cs,FAT,RewardMan,二合调用/状态/依赖,4037,f04d109d244651d17e58daee036e249c8830f588f838ad47d102e7ec502d92a6
scripts/asmdef_fat_runtime/FAT/RewardStagingArea.cs,FAT,RewardStagingArea,FAT.Merge 字段/签名直接引用,1191,9ae80283a0ce053abc8d28830d5d458269c9a8a1b5c5ff23345d4e376e9ef339
scripts/asmdef_fat_runtime/FAT/ScoreBoardActivity.cs,FAT,ScoreBoardActivity;SaveKey;ScoreBoardTokenChangeInfo;ScoreBoardSpawnItemInfo;ScoreBoardUseTokenInfo;ScoreBoardMilestoneCompleteInfo;ScoreBoardMilestoneProgressInfo;ScoreBoardCloudUnlockInfo;ScoreBoardHandbookUnlockInfo;_003CCoDelayMilestoneItemReward_003Ed__216;implementation;_003CCoPlaySound_003Ed__215;_003CResEnumerate_003Ed__370,活动棋盘/二合扩展,28481,739de93a39ad30c0056d728d02169f62ef44307a4f7e9411ddddd380439a6c2b
scripts/asmdef_fat_runtime/FAT/ScoreEntity.cs,FAT,ScoreEntity;ScoreType;ScoreFlyRewardData,直接基类/接口或关键状态依赖,4151,f2892d28cbcf2f034446370cc2a9a09190f2352740b9672db373fff895566fcd
scripts/asmdef_fat_runtime/FAT/ScreenPopup.cs,FAT,ScreenPopup;_003CWait_003Ed__83;implementation,直接基类/接口或关键状态依赖,6359,bf89d51f60aa98eb344ac9662c46b3dfb942eec15505166bc810d21f9d24224e
scripts/asmdef_fat_runtime/FAT/ScreenState.cs,FAT,ScreenState,直接基类/接口或关键状态依赖,1000,e5b1f7b10026c716719ad6f69527056d8b0e063086db7823f3d3bd9b9cdc404c
scripts/asmdef_fat_runtime/FAT/TrainMissionActivity.cs,FAT,TrainMissionActivity,活动棋盘/二合扩展,6586,ebc3483e65f0caa5e03f730f667d0e29e252c55a01a3cf8dabf02c318ec5e59e
scripts/asmdef_fat_runtime/FAT/UIBase.cs,FAT,UIBase,直接基类/接口或关键状态依赖,3352,929e329653d2bbdda86ba1547f1762eee14d18bc8b46c76d2c25a6ca3eaacba8
scripts/asmdef_fat_runtime/FAT/UIChoiceBox.cs,FAT,UIChoiceBox,二合调用/状态/依赖,1253,e87c7f129628e95af0131a7adb8f48003e1d047575ed8ef113a0d37e955868a2
scripts/asmdef_fat_runtime/FAT/UIMergeBoardMini.cs,FAT,UIMergeBoardMini;State,二合调用/状态/依赖,2354,67fbc03132ea659ab12a2d09579f4b88499c01cad5c5f711ded7dc0d8aac42af
scripts/asmdef_fat_runtime/FAT/UIMergeCostTips.cs,FAT,UIMergeCostTips,二合调用/状态/依赖,1658,c670f535553bbe9bf133400353bb4b03f907dc16128b2d8c63fa0cfb51052548
scripts/asmdef_fat_runtime/FAT/UIMergeCostTipsData.cs,FAT,UIMergeCostTipsData,二合调用/状态/依赖,203,ac67f7b379c32905a1a49bace21a386d0dfe71dcddb1c4277bca80165b0ed430
scripts/asmdef_fat_runtime/FAT/UIMixSourceDetail.cs,FAT,UIMixSourceDetail,二合调用/状态/依赖,1194,758352eed50d92263ead5e278a60ce5ea651eea77a0741197bbff82f3a45a6a8
scripts/asmdef_fat_runtime/FAT/UIMixSourceTips.cs,FAT,UIMixSourceTips,二合调用/状态/依赖,931,660a831a88946ec18b2b57b602e6a4a1e4c73e23e855b5ac56d33d15773296c7
scripts/asmdef_fat_runtime/FAT/UIOutOfEnergy.cs,FAT,UIOutOfEnergy,二合调用/状态/依赖,1566,55e2ff507f9d160338b78bb7c24e649e2ea1f164eb17802e8803a99707d38403
scripts/asmdef_fat_runtime/FAT/UIResAlt.cs,FAT,UIResAlt,直接基类/接口或关键状态依赖,293,2d11bc461c3a9afb6878d36ad3e1daf80fc41f0a843671757082a0f91a85d3d6
scripts/asmdef_fat_runtime/FAT/UserGradeMan.cs,FAT,UserGradeMan;UserGardeAPIData,二合调用/状态/依赖,2575,a0f146f3344977ba9d523792958b28ba8fcabe097ed4bb94eab8dbedd99ffdf9
scripts/asmdef_fat_runtime/FAT/VisualPopup.cs,FAT,VisualPopup,直接基类/接口或关键状态依赖,1021,f285e91925fdb81e92af5f10a6b79ea0a19b981d1544f7961e93372995f422d9
scripts/asmdef_fat_runtime/FAT/VisualRes.cs,FAT,VisualRes,直接基类/接口或关键状态依赖,508,a977da154dc4cdcf3308ca5c8fb34e01fc4e9ca98ab0310cbd1bce2fc1dbe7fd
scripts/asmdef_fat_runtime/FAT/WishBoardActivity.cs,FAT,WishBoardActivity;EOutputMethod;EOutputType;_003CCoDelayReward_003Ed__130;implementation;_003CCoPlaySound_003Ed__129,活动棋盘/二合扩展,10571,e325d86db6467812ffe36172315dfef8267611aac9e2cb5fbd3f6d74e3e5afab
scripts/asmdef_fat_runtime/FAT/WishBoardItemSpawnBonusHandler.cs,FAT,WishBoardItemSpawnBonusHandler,活动棋盘/二合扩展,777,2923092fced0593fc8447dc3ee4858b0603c4b6f757ce2fcaa450dcfe232ba35
