address	type_file	method	status	function_entry	detail
0x036ED95C	native/Cpp2IL-ISIL/Metacore.MergeMansion.SharedLogic/GameLogic/Player/Actions/Multi/TryMergeBoardMerge.txt	Metaplay.Core.Model.MetaActionResult Execute(GameLogic.Player.PlayerModel player, System.Boolean commit)	decompiled	037ed95c	
0x036EE3E8	native/Cpp2IL-ISIL/Metacore.MergeMansion.SharedLogic/GameLogic/Player/Actions/Multi/TryMergeBoardProcessActivationForCoordinate.txt	Metaplay.Core.Model.MetaActionResult Execute(GameLogic.Player.PlayerModel player, System.Boolean commit)	decompiled	037ee3e8	
0x03675880	native/Cpp2IL-ISIL/Metacore.MergeMansion.SharedLogic/GameLogic/Player/Board/MergeBoard.txt	System.Boolean NeedsUpdate(GameLogic.Player.IPlayer player, GameLogic.Config.Types.MetacoreTime endTimestamp)	decompiled	03775880	
0x03675B80	native/Cpp2IL-ISIL/Metacore.MergeMansion.SharedLogic/GameLogic/Player/Board/MergeBoard.txt	System.Void Update(GameLogic.Player.IPlayer player, GameLogic.Config.Types.MetacoreTime endTimestamp, GameLogic.Random.IGenerationContext generationContext, System.Collections.Generic.ICollection`1<GameLogic.Merge.MergeBoardAct> collectedActs)	decompiled	03775b80	
0x03679224	native/Cpp2IL-ISIL/Metacore.MergeMansion.SharedLogic/GameLogic/Player/Board/MergeBoard.txt	MergeResult ProcessMergeOrMoveAttempt(GameLogic.Player.Board.Coordinate fromPosition, GameLogic.Player.Board.Coordinate toPosition, GameLogic.Config.Types.MetacoreTime timeForMergeOrMove, GameLogic.Player.IPlayer player, GameLogic.Player.Items.Bubble.IBubbleSpawner bubbleSpawner, GameLogic.Player.Items.ProgressionEvent.IProgressionEventItemSpawner progressionEventItemSpawner, System.Collections.Generic.ICollection`1<GameLogic.Merge.MergeBoardAct> collectedActs)	decompiled	03779224	
0x0367BB50	native/Cpp2IL-ISIL/Metacore.MergeMansion.SharedLogic/GameLogic/Player/Board/MergeBoard.txt	System.Void ProcessActivationForCoordinate(GameLogic.Player.IPlayer player, GameLogic.Player.Board.Coordinate coordinate, GameLogic.Config.Types.MetacoreTime timeForActivation, GameLogic.Random.IGenerationContext generationContext, System.Collections.Generic.ICollection`1<GameLogic.Merge.MergeBoardAct> collectedActs, GameLogic.Player.Board.ActivationAuxiliarContext activationAuxiliarContext, out GameLogic.Merge.ActivationCostData activationCostData)	decompiled	0377bb50	
0x03680064	native/Cpp2IL-ISIL/Metacore.MergeMansion.SharedLogic/GameLogic/Player/Board/MergeBoard.txt	GameLogic.Merge.MergeBoardAct SpawnToBoard(GameLogic.Player.IPlayer player, GameLogic.Player.Items.IItemDefinition definition, GameLogic.Player.Board.Coordinate spawnedFrom, GameLogic.Config.Types.MetacoreTime timeForActivation, System.Boolean bubbled, GameLogic.Random.IGenerationContext generationContext, GameLogic.Merge.MergeBoardAct+ItemActSource source)	decompiled	03780064	
0x03680158	native/Cpp2IL-ISIL/Metacore.MergeMansion.SharedLogic/GameLogic/Player/Board/MergeBoard.txt	System.Void ProcessChestClickForCoordinate(GameLogic.Player.IPlayer player, GameLogic.Player.Board.Coordinate coordinate, GameLogic.Config.Types.MetacoreTime timestamp, GameLogic.Random.IGenerationContext generationContext, System.Collections.Generic.ICollection`1<GameLogic.Merge.MergeBoardAct> collectedActs)	decompiled	03780158	
0x036830C4	native/Cpp2IL-ISIL/Metacore.MergeMansion.SharedLogic/GameLogic/Player/Board/MergeBoard.txt	System.Void ProcessUnlockItemForCoordinate(GameLogic.Player.IPlayer player, GameLogic.Player.Board.Coordinate coordinate, GameLogic.Config.Types.MetacoreTime currentTime, System.Collections.Generic.ICollection`1<GameLogic.Merge.MergeBoardAct> collectedActs)	decompiled	037830c4	
0x03683B3C	native/Cpp2IL-ISIL/Metacore.MergeMansion.SharedLogic/GameLogic/Player/Board/MergeBoard.txt	System.Boolean WouldBeValidMergeAttempt(GameLogic.Player.IPlayer player, GameLogic.Player.Board.Coordinate fromPosition, GameLogic.Player.Board.Coordinate toPosition, Metaplay.Core.MetaTime actionTimestamp)	decompiled	03783b3c	
0x03679798	native/Cpp2IL-ISIL/Metacore.MergeMansion.SharedLogic/GameLogic/Player/Board/MergeBoard.txt	GameLogic.Player.Board.Coordinate ProcessMove(GameLogic.Player.IPlayer player, GameLogic.Player.Board.Coordinate fromPosition, GameLogic.Player.Board.Coordinate toPosition, GameLogic.Config.Types.MetacoreTime timeForMergeOrMove)	decompiled	03779798	
0x0367986C	native/Cpp2IL-ISIL/Metacore.MergeMansion.SharedLogic/GameLogic/Player/Board/MergeBoard.txt	GameLogic.Player.Board.Coordinate ProcessSwap(GameLogic.Player.Board.Coordinate fromPosition, GameLogic.Player.Board.Coordinate toPosition, GameLogic.Config.Types.MetacoreTime timeForMergeOrMove, GameLogic.Player.IPlayer player, System.Boolean checkForEmptySlots = True)	decompiled	0377986c	
0x03683264	native/Cpp2IL-ISIL/Metacore.MergeMansion.SharedLogic/GameLogic/Player/Board/MergeBoard.txt	System.Void UpdateVisibilityOfNeighborsRecursive(GameLogic.Player.IPlayer player, System.Collections.Generic.ICollection`1<GameLogic.Merge.MergeBoardAct> mergeBoardActs, GameLogic.Player.Board.Coordinate position, GameLogic.Config.Types.MetacoreTime currentTime)	decompiled	03783264	
0x036840F8	native/Cpp2IL-ISIL/Metacore.MergeMansion.SharedLogic/GameLogic/Player/Board/MergeBoard.txt	System.Void ProcessSinkIn(GameLogic.Player.IPlayer player, GameLogic.Player.Board.Coordinate fromPosition, GameLogic.Player.Board.Coordinate toPosition, GameLogic.Config.Types.MetacoreTime timeForSinkIn, GameLogic.Random.IGenerationContext generationContext, System.Collections.Generic.ICollection`1<GameLogic.Merge.MergeBoardAct> collectedActs, System.Boolean isReverse)	decompiled	037840f8	
0x03684F98	native/Cpp2IL-ISIL/Metacore.MergeMansion.SharedLogic/GameLogic/Player/Board/MergeBoard.txt	System.Void ProcessConsumeIn(GameLogic.Player.IPlayer player, GameLogic.Player.Board.Coordinate fromPosition, GameLogic.Player.Board.Coordinate toPosition, GameLogic.Config.Types.MetacoreTime timeForConsume, System.Collections.Generic.ICollection`1<GameLogic.Merge.MergeBoardAct> collectedActs, GameLogic.Player.Items.Bubble.IBubbleSpawner bubbleSpawner, GameLogic.Config.Types.MetacoreTime timeForConsumeIn)	decompiled	03784f98	
0x03679DCC	native/Cpp2IL-ISIL/Metacore.MergeMansion.SharedLogic/GameLogic/Player/Board/MergeBoard.txt	System.Void ProcessMerge(GameLogic.Player.Board.Coordinate fromPosition, GameLogic.Player.Board.Coordinate toPosition, GameLogic.Config.Types.MetacoreTime timeForMergeOrMove, GameLogic.Player.IPlayer player, GameLogic.Player.Items.Bubble.IBubbleSpawner bubbleSpawner, GameLogic.Player.Items.ProgressionEvent.IProgressionEventItemSpawner progressionEventItemSpawner, System.Collections.Generic.ICollection`1<GameLogic.Merge.MergeBoardAct> collectedActs)	decompiled	03779dcc	
0x03685A98	native/Cpp2IL-ISIL/Metacore.MergeMansion.SharedLogic/GameLogic/Player/Board/MergeBoard.txt	System.Boolean TryToPlacePocketItemToBoard(GameLogic.Player.IPlayer player, GameLogic.Player.Board.Coordinate primaryCoordinate, GameLogic.Player.Items.IBoardItem item, GameLogic.Random.IGenerationContext generationContext, GameLogic.Config.Types.MetacoreTime timestamp, System.Collections.Generic.ICollection`1<GameLogic.Merge.MergeBoardAct> collectedActs)	decompiled	03785a98	
0x03685F38	native/Cpp2IL-ISIL/Metacore.MergeMansion.SharedLogic/GameLogic/Player/Board/MergeBoard.txt	GameLogic.Player.Items.MergeItem AddMergeItem(GameLogic.Player.Board.Coordinate itemCoordinate, GameLogic.Player.Items.MergeItem mergeItem, GameLogic.Config.Types.MetacoreTime timestamp, GameLogic.Random.IGenerationContext generationContext, GameLogic.Player.IPlayer player)	decompiled	03785f38	
0x036858D4	native/Cpp2IL-ISIL/Metacore.MergeMansion.SharedLogic/GameLogic/Player/Board/MergeBoard.txt	System.Void SendAddMergeItemAnalytics(GameLogic.Player.IPlayer player, GameLogic.Player.Items.MergeItem mergeItem)	decompiled	037858d4	
0x036789BC	native/Cpp2IL-ISIL/Metacore.MergeMansion.SharedLogic/GameLogic/Player/Board/MergeBoard.txt	GameLogic.Player.Items.MergeItem RemoveItem(GameLogic.Player.IPlayer player, GameLogic.Player.Board.Coordinate coordinate, GameLogic.Config.Types.MetacoreTime timestamp, System.Boolean consumeAttachments = True)	decompiled	037789bc	
0x036868CC	native/Cpp2IL-ISIL/Metacore.MergeMansion.SharedLogic/GameLogic/Player/Board/MergeBoard.txt	GameLogic.Player.Items.MergeItem DoRemoveItem(GameLogic.Player.Board.Coordinate coordinate, GameLogic.Player.IPlayer player, System.Boolean consumeAttachments = True)	decompiled	037868cc	
0x03686960	native/Cpp2IL-ISIL/Metacore.MergeMansion.SharedLogic/GameLogic/Player/Board/MergeBoard.txt	GameLogic.Player.Items.MergeItem ReplaceItem(GameLogic.Player.IPlayer player, GameLogic.Player.Board.Coordinate itemCoord, GameLogic.Player.Items.IItemDefinition replacementItem, Metaplay.Core.MetaTime replacementTimestamp, System.Collections.Generic.ICollection`1<GameLogic.Merge.MergeBoardAct> collectedActs)	decompiled	03786960	
0x035D7B74	native/Cpp2IL-ISIL/Metacore.MergeMansion.SharedLogic/GameLogic/Player/Items/MergeItem.txt	System.Boolean IsMovable(GameLogic.Player.IPlayer player)	decompiled	036d7b74	
0x035D7CB4	native/Cpp2IL-ISIL/Metacore.MergeMansion.SharedLogic/GameLogic/Player/Items/MergeItem.txt	System.Boolean UpdateVisibility(GameLogic.Config.Types.MetacoreTime timestamp, GameLogic.Player.IPlayer player, GameLogic.Player.Board.MergeBoard mergeBoard, GameLogic.Player.Board.Coordinate coordinate)	decompiled	036d7cb4	
0x035D9CF8	native/Cpp2IL-ISIL/Metacore.MergeMansion.SharedLogic/GameLogic/Player/Items/MergeItem.txt	System.Boolean CanBeUpgraded(GameLogic.Player.IPlayer player)	decompiled	036d9cf8	
0x035D9F04	native/Cpp2IL-ISIL/Metacore.MergeMansion.SharedLogic/GameLogic/Player/Items/MergeItem.txt	System.Boolean CanBeMergedWithItem(GameLogic.Player.IPlayer player, GameLogic.Player.Items.MergeItem otherItem, Metaplay.Core.MetaTime checkTimestamp)	decompiled	036d9f04	
0x035D9F40	native/Cpp2IL-ISIL/Metacore.MergeMansion.SharedLogic/GameLogic/Player/Items/MergeItem.txt	System.Boolean CanBeMergedWithItem(GameLogic.Player.IPlayer player, GameLogic.Player.Items.MergeItem otherItem, GameLogic.Config.Types.MetacoreTime checkTimestamp)	decompiled	036d9f40	
0x035DAE04	native/Cpp2IL-ISIL/Metacore.MergeMansion.SharedLogic/GameLogic/Player/Items/MergeItem.txt	ActivationResult Activate(GameLogic.Config.Types.MetacoreTime timestamp, GameLogic.Player.IPlayer player, GameLogic.Player.Board.IBoard board)	decompiled	036dae04	
0x035DAE40	native/Cpp2IL-ISIL/Metacore.MergeMansion.SharedLogic/GameLogic/Player/Items/MergeItem.txt	ActivationResult Activate(Metaplay.Core.MetaTime timestamp, GameLogic.Player.IPlayer player, GameLogic.Player.Board.IBoard board)	decompiled	036dae40	
0x035DAF18	native/Cpp2IL-ISIL/Metacore.MergeMansion.SharedLogic/GameLogic/Player/Items/MergeItem.txt	ActivationResult Activate(GameLogic.Config.Types.MetacoreTime timestamp, GameLogic.Player.IPlayer player, System.Int32 capacityConsumptionMultiplier)	decompiled	036daf18	
0x035DB608	native/Cpp2IL-ISIL/Metacore.MergeMansion.SharedLogic/GameLogic/Player/Items/MergeItem.txt	ActivationResult SpecialActivate(System.Int32 takeAmount, GameLogic.Player.IPlayer player, System.Int32 capacityConsumptionMultiplier, System.Boolean onFireActive, out System.Int32 spawned)	decompiled	036db608	
0x035DD080	native/Cpp2IL-ISIL/Metacore.MergeMansion.SharedLogic/GameLogic/Player/Items/MergeItem.txt	System.Collections.Generic.IEnumerable`1<GameLogic.Player.Items.IItemDefinition> GetActivationSpawnItems(GameLogic.Random.IGenerationContext generationContext, GameLogic.Player.IPlayer player, GameLogic.Config.Types.MetacoreTime timestamp, GameLogic.Player.Items.Production.ProducerContext producerContext)	decompiled	036dd080	
0x035DD198	native/Cpp2IL-ISIL/Metacore.MergeMansion.SharedLogic/GameLogic/Player/Items/MergeItem.txt	System.Collections.Generic.IEnumerable`1<GameLogic.Player.Items.IItemDefinition> GetActivationSpawnItems(GameLogic.Player.IPlayer player, GameLogic.Player.Board.IBoard board)	decompiled	036dd198	
0x035DD33C	native/Cpp2IL-ISIL/Metacore.MergeMansion.SharedLogic/GameLogic/Player/Items/MergeItem.txt	GameLogic.Player.Board.Placement.IPlacement GetActivationPlacementStyle(GameLogic.Config.IMergeMansionGameConfig config)	decompiled	036dd33c	
0x035D98E8	native/Cpp2IL-ISIL/Metacore.MergeMansion.SharedLogic/GameLogic/Player/Items/MergeItem.txt	GameLogic.Player.Board.Placement.IPlacement SpawnPlacement(GameLogic.Player.IPlayer player)	decompiled	036d98e8	
0x035DDCBC	native/Cpp2IL-ISIL/Metacore.MergeMansion.SharedLogic/GameLogic/Player/Items/MergeItem.txt	System.Collections.Generic.IEnumerable`1<GameLogic.Player.Items.IItemDefinition> GetUnlockedSpawnItems(GameLogic.Player.IPlayer player, GameLogic.Player.Board.MergeBoard board)	decompiled	036ddcbc	
0x035DDD00	native/Cpp2IL-ISIL/Metacore.MergeMansion.SharedLogic/GameLogic/Player/Items/MergeItem.txt	System.Collections.Generic.IEnumerable`1<GameLogic.Player.Items.IItemDefinition> GetUnlockedMergeItems(GameLogic.Player.IPlayer player)	decompiled	036ddd00	
0x035DDDD0	native/Cpp2IL-ISIL/Metacore.MergeMansion.SharedLogic/GameLogic/Player/Items/MergeItem.txt	System.Void Spawn(GameLogic.Player.IPlayer player, System.Boolean takeFromStorageContainer, Metaplay.Core.MetaTime timestamp)	decompiled	036dddd0	
0x035DDF44	native/Cpp2IL-ISIL/Metacore.MergeMansion.SharedLogic/GameLogic/Player/Items/MergeItem.txt	System.Boolean TrySpawning(GameLogic.Random.IGenerationContext generationContext, out GameLogic.Player.Items.IItemDefinition generatedItem)	decompiled	036ddf44	
0x035DDF64	native/Cpp2IL-ISIL/Metacore.MergeMansion.SharedLogic/GameLogic/Player/Items/MergeItem.txt	GameLogic.Merge.SpawnReaction TryToFillSpawnStorageOrSpawn(GameLogic.Player.IPlayer player, Metaplay.Core.MetaTime timestamp, System.Boolean hasEmptySpaceNear)	decompiled	036ddf64	
0x035E109C	native/Cpp2IL-ISIL/Metacore.MergeMansion.SharedLogic/GameLogic/Player/Items/MergeItem.txt	System.Boolean DoesTakeInItem(GameLogic.Player.IPlayer player, System.Int32 type)	decompiled	036e109c	
0x035E15DC	native/Cpp2IL-ISIL/Metacore.MergeMansion.SharedLogic/GameLogic/Player/Items/MergeItem.txt	System.Boolean IsConsumable(GameLogic.Player.IPlayer player)	decompiled	036e15dc	
0x035E36E0	native/Cpp2IL-ISIL/Metacore.MergeMansion.SharedLogic/GameLogic/Player/Items/MergeItem.txt	System.Void RestoreInternalState(GameLogic.Config.Types.MetacoreTime restorationTime, GameLogic.Player.IPlayer player)	decompiled	036e36e0	
0x035E68A8	native/Cpp2IL-ISIL/Metacore.MergeMansion.SharedLogic/GameLogic/Player/Items/MergeItem.txt	System.Int32 ConsumeDecayCycle()	decompiled	036e68a8	
0x032BCBE8	native/Cpp2IL-ISIL/Metacore.MergeMansion.SharedLogic/MasterFunctions.txt	System.Void RemoveItemsFromBoards(GameLogic.Player.IPlayer player, System.Collections.Generic.IEnumerable`1<GameLogic.Player.Board.MergeBoard> mergeBoards, System.Int32[] items, System.Int32[] amounts, Metaplay.Core.MetaTime currentTime)	decompiled	033bcbe8	
0x032BCD3C	native/Cpp2IL-ISIL/Metacore.MergeMansion.SharedLogic/MasterFunctions.txt	System.Void RemoveItemsFromBoards(GameLogic.Player.IPlayer player, System.Collections.Generic.IEnumerable`1<GameLogic.Player.Board.MergeBoard> mergeBoards, System.Collections.Generic.IEnumerable`1<System.Int32>[] items, System.Int32[] amounts, Metaplay.Core.MetaTime currentTime)	decompiled	033bcd3c	
0x032BD494	native/Cpp2IL-ISIL/Metacore.MergeMansion.SharedLogic/MasterFunctions.txt	System.Void RemoveItemsFromBoardsAndInventories(GameLogic.Player.IPlayer player, System.Collections.Generic.IEnumerable`1<GameLogic.Player.Board.MergeBoard> mergeBoards, System.Collections.Generic.IEnumerable`1<GameLogic.Player.IBoardInventory> boardInventories, System.Int32 item, System.Int32 amount, GameLogic.Config.Types.MetacoreTime currentTime)	decompiled	033bd494	
0x032BD55C	native/Cpp2IL-ISIL/Metacore.MergeMansion.SharedLogic/MasterFunctions.txt	System.Void RemoveItemsFromBoardsAndInventories(GameLogic.Player.IPlayer player, System.Collections.Generic.IEnumerable`1<GameLogic.Player.Board.MergeBoard> mergeBoards, System.Collections.Generic.IEnumerable`1<GameLogic.Player.IBoardInventory> boardInventories, System.Int32[] items, System.Int32[] amounts, GameLogic.Config.Types.MetacoreTime currentTime)	decompiled	033bd55c	
0x032BD6B8	native/Cpp2IL-ISIL/Metacore.MergeMansion.SharedLogic/MasterFunctions.txt	System.Void RemoveItemsFromBoardsAndInventories(GameLogic.Player.IPlayer player, System.Collections.Generic.IEnumerable`1<GameLogic.Player.Board.MergeBoard> mergeBoards, System.Collections.Generic.IEnumerable`1<GameLogic.Player.IBoardInventory> boardInventories, System.Collections.Generic.IEnumerable`1<System.Int32>[] items, System.Int32[] amounts, GameLogic.Config.Types.MetacoreTime currentTime)	decompiled	033bd6b8	
0x032BE0C4	native/Cpp2IL-ISIL/Metacore.MergeMansion.SharedLogic/MasterFunctions.txt	System.Void RemoveItemsFromBoardsAndInventories(GameLogic.Player.IPlayer player, System.Collections.Generic.IReadOnlyCollection`1<GameLogic.Player.Board.MergeBoard> mergeBoards, System.Collections.Generic.IEnumerable`1<GameLogic.Player.IBoardInventory> boardInventories, System.Collections.Generic.IEnumerable`1<System.ValueTuple`2<System.Collections.Generic.IEnumerable`1<GameLogic.Player.Items.IItemDefinition>, System.Int32>> quantities, System.Collections.Generic.IComparer`1<GameLogic.Player.Items.MergeItem> preference, GameLogic.Config.Types.MetacoreTime timestamp)	decompiled	033be0c4	
0x032BF480	native/Cpp2IL-ISIL/Metacore.MergeMansion.SharedLogic/MasterFunctions.txt	System.Void DismissBubble(GameLogic.Player.Board.MergeBoard board, GameLogic.Player.PlayerModel player, GameLogic.Player.Board.Coordinate bubbleCoordinate, GameLogic.Player.Items.MergeItem mergeItem)	decompiled	033bf480	
0x032BFE1C	native/Cpp2IL-ISIL/Metacore.MergeMansion.SharedLogic/MasterFunctions.txt	System.Void SetItemsDiscoveredBasedOnBoardActs(GameLogic.Player.IPlayer player, System.Collections.Generic.IEnumerable`1<GameLogic.Merge.MergeBoardAct> boardActs, GameLogic.Player.Board.MergeBoard board, Game.Logic.ProgressState progressState)	decompiled	033bfe1c	
0x032C0108	native/Cpp2IL-ISIL/Metacore.MergeMansion.SharedLogic/MasterFunctions.txt	System.Void SetItemsDiscoveredBasedOnBoardAct(GameLogic.Player.IPlayer player, GameLogic.Merge.MergeBoardAct act, GameLogic.Player.Board.MergeBoard board, Game.Logic.ProgressState progressState)	decompiled	033c0108	
0x032C0364	native/Cpp2IL-ISIL/Metacore.MergeMansion.SharedLogic/MasterFunctions.txt	System.Boolean TryToCollectItemFromBoard(GameLogic.Player.Board.MergeBoard mergeBoard, GameLogic.Player.Items.MergeItem itemToCollect, GameLogic.Player.Board.Coordinate collectCoordinate, GameLogic.Player.PlayerModel player, Metaplay.Core.MetaTime currentTime, CurrencySource currencySource, System.Collections.Generic.ICollection`1<GameLogic.Merge.MergeBoardAct> collectedActs)	decompile_failed	033c0364	Exception while decompiling 033c0364: Response buffer size exceeded for: libil2cpp.so 
0x032C03C8	native/Cpp2IL-ISIL/Metacore.MergeMansion.SharedLogic/MasterFunctions.txt	System.Boolean TryToCollectItemFromBoard(GameLogic.Player.Board.MergeBoard mergeBoard, GameLogic.Player.Items.MergeItem itemToCollect, GameLogic.Player.Board.Coordinate collectCoordinate, GameLogic.Player.PlayerModel player, GameLogic.Config.Types.MetacoreTime currentTime, CurrencySource currencySource, System.Collections.Generic.ICollection`1<GameLogic.Merge.MergeBoardAct> collectedActs)	decompile_failed	033c03c8	Exception while decompiling 033c03c8: Response buffer size exceeded for: libil2cpp.so 
0x032C1C8C	native/Cpp2IL-ISIL/Metacore.MergeMansion.SharedLogic/MasterFunctions.txt	System.Void TryToSellItemFromBoard(GameLogic.Player.Board.MergeBoard mergeBoard, GameLogic.Player.Items.MergeItem itemToSell, GameLogic.Player.Board.Coordinate sellCoordinate, GameLogic.Player.PlayerModel player, GameLogic.Config.Types.MetacoreTime currentTime, CurrencySource currencySource, System.Collections.Generic.ICollection`1<GameLogic.Merge.MergeBoardAct> collectedActs, System.Boolean checkTagRestriction)	decompiled	033c1c8c	
0x032C2228	native/Cpp2IL-ISIL/Metacore.MergeMansion.SharedLogic/MasterFunctions.txt	System.Void TryToUndoSellItem(GameLogic.Player.PlayerModel player, GameLogic.Player.Board.MergeBoard mergeBoard, GameLogic.Config.Types.MetacoreTime currentTime, System.Collections.Generic.ICollection`1<GameLogic.Merge.MergeBoardAct> collectedActs)	decompiled	033c2228	
0x032C2780	native/Cpp2IL-ISIL/Metacore.MergeMansion.SharedLogic/MasterFunctions.txt	System.Boolean TryToMoveItemFromBoardToInventory(GameLogic.Player.IPlayer player, GameLogic.Player.Board.MergeBoard mergeBoard, GameLogic.Player.Board.Coordinate coordinate, System.Collections.Generic.IEnumerable`1<GameLogic.Player.IBoardInventory> inventories, GameLogic.Config.Types.MetacoreTime currentTime)	decompiled	033c2780	
0x032C2A88	native/Cpp2IL-ISIL/Metacore.MergeMansion.SharedLogic/MasterFunctions.txt	System.Boolean TryToMoveItemFromBoardToInventory(GameLogic.Player.IPlayer player, GameLogic.Player.Board.MergeBoard mergeBoard, GameLogic.Player.Board.Coordinate coordinate, GameLogic.Player.IBoardInventory inventory, GameLogic.Config.Types.MetacoreTime currentTime)	decompiled	033c2a88	
0x032C31C0	native/Cpp2IL-ISIL/Metacore.MergeMansion.SharedLogic/MasterFunctions.txt	System.Boolean TryToMoveItemFromInventoryToBoard(GameLogic.Player.Board.MergeBoard mergeBoard, GameLogic.Player.IBoardInventory bi, System.Int32 itemIndex, GameLogic.Config.Types.MetacoreTime timestamp, GameLogic.Random.IGenerationContext generationContext, GameLogic.Player.IPlayer player, System.Boolean shouldAddMergeAct = False)	decompiled	033c31c0	
0x032CAD10	native/Cpp2IL-ISIL/Metacore.MergeMansion.SharedLogic/MasterFunctions.txt	System.ValueTuple`3<CurrencyUsageResult, Currencies, System.Int64> TryToFastOpenChest(GameLogic.Player.IPlayer player, GameLogic.Player.Items.MergeItem chest, GameLogic.Config.Types.MetacoreTime currentTime, Merge.MergeBoardId boardId)	decompiled	033cad10	
0x032CF580	native/Cpp2IL-ISIL/Metacore.MergeMansion.SharedLogic/MasterFunctions.txt	System.Boolean TryToUnlockProducerInventorySlot(GameLogic.Config.ProducerInventorySlotConfig producerInventorySlot, GameLogic.Player.IPlayer player, System.Boolean commit)	decompile_failed	033cf580	Exception while decompiling 033cf580: process: timeout 
0x032B6234	native/Cpp2IL-ISIL/Metacore.MergeMansion.SharedLogic/MergePairFinder.txt	System.ValueTuple`2<GameLogic.Player.Board.Coordinate, GameLogic.Player.Board.Coordinate> FindSuggestion(GameLogic.Player.IPlayer player, GameLogic.Player.Board.IBoard mergeBoard, SearchOptions options, System.Collections.Generic.ICollection`1<System.Int32> excludedItems, GameLogic.Config.Types.MetacoreTime currentTime, System.Random rand)	decompiled	033b6234	
0x032B7F20	native/Cpp2IL-ISIL/Metacore.MergeMansion.SharedLogic/MergePairFinder.txt	System.ValueTuple`2<GameLogic.Player.Board.Coordinate, GameLogic.Player.Board.Coordinate> FindMatchingItemsImpl(GameLogic.Player.IPlayer player, GameLogic.Player.Board.IBoard mergeBoard, System.Int32 itemId, PartialLevel partialLevel, GameLogic.Config.Types.MetacoreTime currentTime)	decompiled	033b7f20	
0x032B793C	native/Cpp2IL-ISIL/Metacore.MergeMansion.SharedLogic/MergePairFinder.txt	System.ValueTuple`2<GameLogic.Player.Board.Coordinate, GameLogic.Player.Board.Coordinate> FindMatchingItemsImpl(GameLogic.Player.IPlayer player, System.Collections.Generic.IEnumerable`1<System.ValueTuple`2<GameLogic.Player.Board.Coordinate, GameLogic.Player.Items.MergeItem>> items, GameLogic.Player.Board.IBoard mergeBoard, System.Int32 itemId, PartialLevel partialLevel, GameLogic.Config.Types.MetacoreTime currentTime)	decompiled	033b793c	
0x032B6A14	native/Cpp2IL-ISIL/Metacore.MergeMansion.SharedLogic/MergePairFinder.txt	System.ValueTuple`2<System.Int32, System.Int32> PopulateItemEntries(GameLogic.Player.IPlayer player, System.Collections.Generic.List`1<GameLogic.Player.Items.MergeItem> boardItems, System.Collections.Generic.ICollection`1<System.Int32> excludedItems, GameLogic.Config.Types.MetacoreTime currentTime, MergePairFinder+ItemEntry[] visibleItemEntriesBuffer, MergePairFinder+ItemEntry[] partiallyVisibleItemEntriesBuffer)	decompiled	033b6a14	
0x032B6D78	native/Cpp2IL-ISIL/Metacore.MergeMansion.SharedLogic/MergePairFinder.txt	System.Int32 RemoveVisibleItemEntriesWithoutPair(MergePairFinder+ItemEntry[] visibleItemEntriesBuffer, System.Int32 visibleItemEntriesCount, MergePairFinder+ItemEntry[] partiallyVisibleItemEntriesBuffer, System.Int32 partiallyVisibleItemEntriesCount)	decompiled	033b6d78	
0x03563638	native/Cpp2IL-ISIL/Metacore.MergeMansion.SharedLogic/GameLogic/Player/PlayerModel.txt	System.Void GameInitializeNewPlayerModel(Metaplay.Core.MetaTime now, Metaplay.Core.Config.ISharedGameConfig gameConfig, Metaplay.Core.EntityId playerId, System.String name)	decompiled	03663638	
0x035649C0	native/Cpp2IL-ISIL/Metacore.MergeMansion.SharedLogic/GameLogic/Player/PlayerModel.txt	System.Void GameOnRestoredFromPersistedState(Metaplay.Core.MetaDuration elapsedTime)	decompiled	036649c0	
0x0356D7D0	native/Cpp2IL-ISIL/Metacore.MergeMansion.SharedLogic/GameLogic/Player/PlayerModel.txt	System.Void SetupInitialProducerInventory()	decompiled	0366d7d0	
0x03572B98	native/Cpp2IL-ISIL/Metacore.MergeMansion.SharedLogic/GameLogic/Player/PlayerModel.txt	System.Void SetupProducerInventory(System.Int32 initialSize, System.Int32 maximumSize)	decompiled	03672b98	
0x0356CABC	native/Cpp2IL-ISIL/Metacore.MergeMansion.SharedLogic/GameLogic/Player/PlayerModel.txt	System.Void CleanupPocket()	decompiled	0366cabc	
0x03577F08	native/Cpp2IL-ISIL/Metacore.MergeMansion.SharedLogic/GameLogic/Player/PlayerModel.txt	Metacore.MergeMansion.Common.Options.Option`1<GameLogic.Player.Board.IBoard> GetBoard(Merge.MergeBoardId boardId)	decompiled	03677f08	
0x0366E0DC	native/Cpp2IL-ISIL/Metacore.MergeMansion.SharedLogic/GameLogic/Player/Board/BoardExtensions.txt	System.Collections.Generic.IEnumerable`1<System.ValueTuple`2<GameLogic.Player.Board.Coordinate, GameLogic.Player.Items.MergeItem>> Items(GameLogic.Player.Board.IBoard mergeBoard)	decompiled	0376e0dc	
0x03668B90	native/Cpp2IL-ISIL/Metacore.MergeMansion.SharedLogic/GameLogic/Player/Board/BoardExtensions.txt	System.Collections.Generic.IEnumerable`1<GameLogic.Player.Items.MergeItem> VisibleItems(GameLogic.Player.Board.IBoard mergeBoard)	decompiled	03768b90	
0x0366E4E4	native/Cpp2IL-ISIL/Metacore.MergeMansion.SharedLogic/GameLogic/Player/Board/BoardExtensions.txt	System.Collections.Generic.IEnumerable`1<System.ValueTuple`2<GameLogic.Player.Board.Coordinate, GameLogic.Player.Items.MergeItem>> FindAllBoosterItems(GameLogic.Player.Board.IBoard mergeBoard, GameLogic.Player.IPlayer player)	decompiled	0376e4e4	
0x0366E5E0	native/Cpp2IL-ISIL/Metacore.MergeMansion.SharedLogic/GameLogic/Player/Board/BoardExtensions.txt	System.Collections.Generic.IEnumerable`1<System.ValueTuple`2<GameLogic.Player.Board.Coordinate, GameLogic.Player.Items.MergeItem>> FindSpecificBoosterItems(GameLogic.Player.Board.IBoard mergeBoard, System.String id, GameLogic.Player.IPlayer player)	decompiled	0376e5e0	
0x0366E930	native/Cpp2IL-ISIL/Metacore.MergeMansion.SharedLogic/GameLogic/Player/Board/BoardExtensions.txt	System.Collections.Generic.IEnumerable`1<GameLogic.Player.Board.Coordinate> FindAllActivableAndVisibleItems(GameLogic.Player.Board.IBoard mergeBoard, GameLogic.Player.IPlayer player)	decompiled	0376e930	
0x0366EE38	native/Cpp2IL-ISIL/Metacore.MergeMansion.SharedLogic/GameLogic/Player/Board/BoardExtensions.txt	GameLogic.Player.Board.Coordinate FindFirstItemOfCertainType(GameLogic.Player.Board.IBoard mergeBoard, System.Int32 itemId)	decompiled	0376ee38	
0x0366F08C	native/Cpp2IL-ISIL/Metacore.MergeMansion.SharedLogic/GameLogic/Player/Board/BoardExtensions.txt	System.Collections.Generic.IEnumerable`1<GameLogic.Player.Board.Coordinate> FindAllCoordinatesOfCertainItemType(GameLogic.Player.Board.IBoard mergeBoard, System.Int32 it)	decompiled	0376f08c	
0x0366F250	native/Cpp2IL-ISIL/Metacore.MergeMansion.SharedLogic/GameLogic/Player/Board/BoardExtensions.txt	System.Collections.Generic.IEnumerable`1<System.ValueTuple`2<GameLogic.Player.Board.Coordinate, GameLogic.Player.Items.MergeItem>> FindItems(GameLogic.Player.Board.IBoard mergeBoard, System.Predicate`1<GameLogic.Player.Items.MergeItem> predicate)	decompiled	0376f250	
0x0323B568	native/Cpp2IL-ISIL/Mansion.Scripts/UnityBoardController.txt	System.Void add_OnMergeActProcessed(System.Action`1<GameLogic.Merge.MergeBoardAct> value)	decompiled	0333b568	
0x0323B618	native/Cpp2IL-ISIL/Mansion.Scripts/UnityBoardController.txt	System.Void remove_OnMergeActProcessed(System.Action`1<GameLogic.Merge.MergeBoardAct> value)	decompiled	0333b618	
0x0323BA4C	native/Cpp2IL-ISIL/Mansion.Scripts/UnityBoardController.txt	System.Void add_OnBoardStepResult(System.Action`1<BoardStepResult> value)	decompiled	0333ba4c	
0x0323BAFC	native/Cpp2IL-ISIL/Mansion.Scripts/UnityBoardController.txt	System.Void remove_OnBoardStepResult(System.Action`1<BoardStepResult> value)	decompiled	0333bafc	
0x0323BBAC	native/Cpp2IL-ISIL/Mansion.Scripts/UnityBoardController.txt	System.Void add_OnMergeResult(System.Action`1<MergeResult> value)	decompiled	0333bbac	
0x0323BC5C	native/Cpp2IL-ISIL/Mansion.Scripts/UnityBoardController.txt	System.Void remove_OnMergeResult(System.Action`1<MergeResult> value)	decompiled	0333bc5c	
0x0323E528	native/Cpp2IL-ISIL/Mansion.Scripts/UnityBoardController.txt	System.Void OnAutoMergeStateChanged()	decompiled	0333e528	
0x0323E5D0	native/Cpp2IL-ISIL/Mansion.Scripts/UnityBoardController.txt	System.Void OnAutoMergeDurationChanged()	decompiled	0333e5d0	
0x0352D104	native/Cpp2IL-ISIL/Metacore.MergeMansion.SharedLogic/GameLogic/Player/BoardInventory.txt	GameLogic.Player.Items.MergeItem GetItemAtIndex(System.Int32 index)	decompiled	0362d104	
0x0352D17C	native/Cpp2IL-ISIL/Metacore.MergeMansion.SharedLogic/GameLogic/Player/BoardInventory.txt	System.Boolean AddItemToInventory(GameLogic.Player.IPlayer player, GameLogic.Player.Items.MergeItem itemToAdd, Metaplay.Core.MetaTime currentTime, out System.Boolean removeItemFromBoard)	decompiled	0362d17c	
0x0352D1C8	native/Cpp2IL-ISIL/Metacore.MergeMansion.SharedLogic/GameLogic/Player/BoardInventory.txt	System.Boolean AddItemToInventory(GameLogic.Player.IPlayer player, GameLogic.Player.Items.MergeItem itemToAdd, GameLogic.Config.Types.MetacoreTime currentTime, out System.Boolean removeItemFromBoard)	decompiled	0362d1c8	
0x0352DD10	native/Cpp2IL-ISIL/Metacore.MergeMansion.SharedLogic/GameLogic/Player/BoardInventory.txt	System.Collections.Generic.Dictionary`2<System.Int32, System.Int32> GetItemTypesAndAmountsOfItems()	decompiled	0362dd10	
0x0352E024	native/Cpp2IL-ISIL/Metacore.MergeMansion.SharedLogic/GameLogic/Player/BoardInventory.txt	System.Collections.Generic.Dictionary`2<System.Int32, System.Collections.Generic.IEnumerable`1<GameLogic.Player.Items.MergeItem>> GetItemsGroupedByType()	decompiled	0362e024	
0x0352E344	native/Cpp2IL-ISIL/Metacore.MergeMansion.SharedLogic/GameLogic/Player/BoardInventory.txt	System.Collections.Generic.IEnumerable`1<GameLogic.Player.Items.MergeItem> GetItemsSorted(GameLogic.Player.IPlayer player, GameLogic.Player.BoardInventorySortMode sortMode = 0)	decompiled	0362e344	
0x0352EBD8	native/Cpp2IL-ISIL/Metacore.MergeMansion.SharedLogic/GameLogic/Player/BoardInventory.txt	System.Int32 GetItemIndex(GameLogic.Player.Items.MergeItem item)	decompiled	0362ebd8	
0x0352ECC4	native/Cpp2IL-ISIL/Metacore.MergeMansion.SharedLogic/GameLogic/Player/BoardInventory.txt	System.Int32 FindItemOfCertainType(System.Int32 it)	decompiled	0362ecc4	
0x0367930C	native/Cpp2IL-ISIL/Metacore.MergeMansion.SharedLogic/GameLogic/Player/Board/MergeBoard.txt	MergeResult GetMoveResult(GameLogic.Player.IPlayer player, GameLogic.Player.Board.Coordinate fromPosition, GameLogic.Player.Board.Coordinate toPosition, GameLogic.Config.Types.MetacoreTime actionTimestamp)	decompiled	0377930c	
0x036839A8	native/Cpp2IL-ISIL/Metacore.MergeMansion.SharedLogic/GameLogic/Player/Board/MergeBoard.txt	System.Boolean InvalidOrSameCoordinates(GameLogic.Player.Board.Coordinate fromPosition, GameLogic.Player.Board.Coordinate toPosition)	decompiled	037839a8	
0x03678CA4	native/Cpp2IL-ISIL/Metacore.MergeMansion.SharedLogic/GameLogic/Player/Board/MergeBoard.txt	System.Boolean TryToSpawnFromSpawner(GameLogic.Player.IPlayer player, Metaplay.Core.MetaTime timestamp, GameLogic.Player.Items.MergeItem item, System.Collections.Generic.ICollection`1<GameLogic.Player.Board.Coordinate> possibleSpawnCoordinates, System.Boolean takeFromStorage, GameLogic.Random.IGenerationContext generationContext, out GameLogic.Player.Board.Coordinate spawnCoordinate)	decompiled	03778ca4	
0x03680814	native/Cpp2IL-ISIL/Metacore.MergeMansion.SharedLogic/GameLogic/Player/Board/MergeBoard.txt	System.Collections.Generic.ICollection`1<GameLogic.Merge.MergeBoardAct> ProcessCollectForCoordinate(GameLogic.Player.IPlayer player, GameLogic.Player.Board.Coordinate coordinate, Metaplay.Core.MetaTime timeForCollecting, GameLogic.Random.IGenerationContext generationContext)	decompiled	03780814	
0x03680A5C	native/Cpp2IL-ISIL/Metacore.MergeMansion.SharedLogic/GameLogic/Player/Board/MergeBoard.txt	System.Boolean ProcessSellForCoordinate(GameLogic.Player.Board.Coordinate sellCoordinate, GameLogic.Config.Types.MetacoreTime timeForSelling, System.Collections.Generic.ICollection`1<GameLogic.Merge.MergeBoardAct> collectedActs, GameLogic.Player.IPlayer player, System.Boolean checkTagRestriction)	decompiled	03780a5c	
0x036837F8	native/Cpp2IL-ISIL/Metacore.MergeMansion.SharedLogic/GameLogic/Player/Board/MergeBoard.txt	System.Boolean WouldBeValidSinkAttempt(GameLogic.Player.IPlayer player, GameLogic.Player.Board.Coordinate fromPosition, GameLogic.Player.Board.Coordinate toPosition, out System.Boolean outIsReverse)	decompiled	037837f8	
0x03683A44	native/Cpp2IL-ISIL/Metacore.MergeMansion.SharedLogic/GameLogic/Player/Board/MergeBoard.txt	GameLogic.Player.Items.Consumption.IConsumptionCheckResult WouldBeValidConsumeAttempt(GameLogic.Player.IPlayer player, GameLogic.Player.Board.Coordinate fromPosition, GameLogic.Player.Board.Coordinate toPosition, GameLogic.Config.Types.MetacoreTime currentTime)	decompiled	03783a44	
0x035D9B78	native/Cpp2IL-ISIL/Metacore.MergeMansion.SharedLogic/GameLogic/Player/Items/MergeItem.txt	System.Boolean SpawnStorageFull(GameLogic.Config.IMergeMansionGameConfig config)	decompiled	036d9b78	
0x035DD594	native/Cpp2IL-ISIL/Metacore.MergeMansion.SharedLogic/GameLogic/Player/Items/MergeItem.txt	GameLogic.Player.Items.IItemDefinition SpawnItemType(GameLogic.Player.IPlayer player, GameLogic.Player.Board.MergeBoard board, System.Collections.Generic.IEnumerable`1<GameLogic.Player.Items.IItemDefinition> allowedItems = null)	decompiled	036dd594	
0x035DD9AC	native/Cpp2IL-ISIL/Metacore.MergeMansion.SharedLogic/GameLogic/Player/Items/MergeItem.txt	System.Int32 GetUnlockedSpawnItemCount(GameLogic.Player.IPlayer player, GameLogic.Player.Board.MergeBoard board)	decompiled	036dd9ac	
0x035DE3D0	native/Cpp2IL-ISIL/Metacore.MergeMansion.SharedLogic/GameLogic/Player/Items/MergeItem.txt	System.Void StartNextSpawnStorageFill(GameLogic.Player.IPlayer player, Metaplay.Core.MetaTime timestamp)	decompiled	036de3d0	
0x035DC07C	native/Cpp2IL-ISIL/Metacore.MergeMansion.SharedLogic/GameLogic/Player/Items/MergeItem.txt	System.Boolean TryToFillActivationStorage(GameLogic.Player.IPlayer player, GameLogic.Config.Types.MetacoreTime timestamp, System.Boolean boardHasCooldownRemoverState = False, System.Boolean boardHasOnFireState = False)	decompiled	036dc07c	
0x032C2BE8	native/Cpp2IL-ISIL/Metacore.MergeMansion.SharedLogic/MasterFunctions.txt	System.Boolean CanItemBeMovedFromBoardToInventory(GameLogic.Player.IPlayer player, GameLogic.Player.Board.MergeBoard mergeBoard, GameLogic.Player.Board.Coordinate coordinate, System.Collections.Generic.IEnumerable`1<GameLogic.Player.IBoardInventory> inventories, GameLogic.Config.Types.MetacoreTime currentTime)	decompiled	033c2be8	
0x032C28A0	native/Cpp2IL-ISIL/Metacore.MergeMansion.SharedLogic/MasterFunctions.txt	System.Boolean TryToMoveStackItemFromBoardToInventory(GameLogic.Player.IPlayer player, GameLogic.Player.Board.MergeBoard mergeBoard, GameLogic.Player.Board.Coordinate coordinate, GameLogic.Player.IBoardInventory[] boardInventories, GameLogic.Config.Types.MetacoreTime currentTime)	decompiled	033c28a0	
0x0372A9B0	native/Cpp2IL-ISIL/Metacore.MergeMansion.SharedLogic/GameLogic/Player/Actions/Basic/TryMergeBoardMove.txt	Metaplay.Core.Model.MetaActionResult Execute(GameLogic.Player.PlayerModel player, System.Boolean commit)	decompiled	0382a9b0	
