file,line,namespace,class,base_class
code/AssetRipper_generated_CSharp/Assembly-CSharp/Activity/MapAdventure_1/MapAdventureOneMergeBoard_Big.cs,3,Activity.MapAdventure_1,MapAdventureOneMergeBoard_Big,MergeBoard
code/AssetRipper_generated_CSharp/Assembly-CSharp/Activity/MapAdventure_2/MapAdventureTwoMergeBoard_Big.cs,3,Activity.MapAdventure_2,MapAdventureTwoMergeBoard_Big,MergeBoard
code/AssetRipper_generated_CSharp/Assembly-CSharp/Activity/SummerWatermelonTwo/SummerWatermelonMergeBoard.cs,3,Activity.SummerWatermelonTwo,SummerWatermelonMergeBoard,MergeBoard
code/AssetRipper_generated_CSharp/Assembly-CSharp/Activity/SummerWatermelonTwo/SummerWatermelonMergeBoard_Big.cs,3,Activity.SummerWatermelonTwo,SummerWatermelonMergeBoard_Big,MergeBoard
code/AssetRipper_generated_CSharp/Assembly-CSharp/Activity/SummerWatermelon_10/SummerWatermelonMergeBoard.cs,3,Activity.SummerWatermelon_10,SummerWatermelonMergeBoard,MergeBoard
code/AssetRipper_generated_CSharp/Assembly-CSharp/Activity/SummerWatermelon_10/SummerWatermelonMergeBoard_Big.cs,3,Activity.SummerWatermelon_10,SummerWatermelonMergeBoard_Big,MergeBoard
code/AssetRipper_generated_CSharp/Assembly-CSharp/Activity/SummerWatermelon_11/SummerWatermelonMergeBoard.cs,3,Activity.SummerWatermelon_11,SummerWatermelonMergeBoard,MergeBoard
code/AssetRipper_generated_CSharp/Assembly-CSharp/Activity/SummerWatermelon_11/SummerWatermelonMergeBoard_Big.cs,3,Activity.SummerWatermelon_11,SummerWatermelonMergeBoard_Big,MergeBoard
code/AssetRipper_generated_CSharp/Assembly-CSharp/Activity/SummerWatermelon_12/SummerWatermelonMergeBoard1.cs,3,Activity.SummerWatermelon_12,SummerWatermelonMergeBoard1,MergeBoard
code/AssetRipper_generated_CSharp/Assembly-CSharp/Activity/SummerWatermelon_12/SummerWatermelonMergeBoard2.cs,3,Activity.SummerWatermelon_12,SummerWatermelonMergeBoard2,MergeBoard
code/AssetRipper_generated_CSharp/Assembly-CSharp/Activity/SummerWatermelon_12/SummerWatermelonMergeBoard3.cs,3,Activity.SummerWatermelon_12,SummerWatermelonMergeBoard3,MergeBoard
code/AssetRipper_generated_CSharp/Assembly-CSharp/Activity/SummerWatermelon_12/SummerWatermelonMergeBoard4.cs,3,Activity.SummerWatermelon_12,SummerWatermelonMergeBoard4,MergeBoard
code/AssetRipper_generated_CSharp/Assembly-CSharp/Activity/SummerWatermelon_13/SummerWatermelonMergeBoard1.cs,3,Activity.SummerWatermelon_13,SummerWatermelonMergeBoard1,MergeBoard
code/AssetRipper_generated_CSharp/Assembly-CSharp/Activity/SummerWatermelon_13/SummerWatermelonMergeBoard2.cs,3,Activity.SummerWatermelon_13,SummerWatermelonMergeBoard2,MergeBoard
code/AssetRipper_generated_CSharp/Assembly-CSharp/Activity/SummerWatermelon_13/SummerWatermelonMergeBoard3.cs,3,Activity.SummerWatermelon_13,SummerWatermelonMergeBoard3,MergeBoard
code/AssetRipper_generated_CSharp/Assembly-CSharp/Activity/SummerWatermelon_13/SummerWatermelonMergeBoard4.cs,3,Activity.SummerWatermelon_13,SummerWatermelonMergeBoard4,MergeBoard
code/AssetRipper_generated_CSharp/Assembly-CSharp/Activity/SummerWatermelon_14/SummerWatermelonMergeBoard.cs,3,Activity.SummerWatermelon_14,SummerWatermelonMergeBoard,MergeBoard
code/AssetRipper_generated_CSharp/Assembly-CSharp/Activity/SummerWatermelon_14/SummerWatermelonMergeBoard_Big.cs,3,Activity.SummerWatermelon_14,SummerWatermelonMergeBoard_Big,MergeBoard
code/AssetRipper_generated_CSharp/Assembly-CSharp/Activity/SummerWatermelon_15/SummerWatermelonMergeBoard1.cs,3,Activity.SummerWatermelon_15,SummerWatermelonMergeBoard1,MergeBoard
code/AssetRipper_generated_CSharp/Assembly-CSharp/Activity/SummerWatermelon_15/SummerWatermelonMergeBoard2.cs,3,Activity.SummerWatermelon_15,SummerWatermelonMergeBoard2,MergeBoard
code/AssetRipper_generated_CSharp/Assembly-CSharp/Activity/SummerWatermelon_15/SummerWatermelonMergeBoard3.cs,3,Activity.SummerWatermelon_15,SummerWatermelonMergeBoard3,MergeBoard
code/AssetRipper_generated_CSharp/Assembly-CSharp/Activity/SummerWatermelon_15/SummerWatermelonMergeBoard4.cs,3,Activity.SummerWatermelon_15,SummerWatermelonMergeBoard4,MergeBoard
code/AssetRipper_generated_CSharp/Assembly-CSharp/Activity/SummerWatermelon_16/SummerWatermelonMergeBoard.cs,3,Activity.SummerWatermelon_16,SummerWatermelonMergeBoard,MergeBoard
code/AssetRipper_generated_CSharp/Assembly-CSharp/Activity/SummerWatermelon_16/SummerWatermelonMergeBoard_Big.cs,3,Activity.SummerWatermelon_16,SummerWatermelonMergeBoard_Big,MergeBoard
code/AssetRipper_generated_CSharp/Assembly-CSharp/Activity/SummerWatermelon_17/SummerWatermelonMergeBoard1.cs,3,Activity.SummerWatermelon_17,SummerWatermelonMergeBoard1,MergeBoard
code/AssetRipper_generated_CSharp/Assembly-CSharp/Activity/SummerWatermelon_17/SummerWatermelonMergeBoard2.cs,3,Activity.SummerWatermelon_17,SummerWatermelonMergeBoard2,MergeBoard
code/AssetRipper_generated_CSharp/Assembly-CSharp/Activity/SummerWatermelon_17/SummerWatermelonMergeBoard3.cs,3,Activity.SummerWatermelon_17,SummerWatermelonMergeBoard3,MergeBoard
code/AssetRipper_generated_CSharp/Assembly-CSharp/Activity/SummerWatermelon_17/SummerWatermelonMergeBoard4.cs,3,Activity.SummerWatermelon_17,SummerWatermelonMergeBoard4,MergeBoard
code/AssetRipper_generated_CSharp/Assembly-CSharp/Activity/SummerWatermelon_18/SummerWatermelonMergeBoard.cs,3,Activity.SummerWatermelon_18,SummerWatermelonMergeBoard,MergeBoard
code/AssetRipper_generated_CSharp/Assembly-CSharp/Activity/SummerWatermelon_18/SummerWatermelonMergeBoard_Big.cs,3,Activity.SummerWatermelon_18,SummerWatermelonMergeBoard_Big,MergeBoard
code/AssetRipper_generated_CSharp/Assembly-CSharp/Activity/SummerWatermelon_19/SummerWatermelonMergeBoard1.cs,3,Activity.SummerWatermelon_19,SummerWatermelonMergeBoard1,MergeBoard
code/AssetRipper_generated_CSharp/Assembly-CSharp/Activity/SummerWatermelon_19/SummerWatermelonMergeBoard2.cs,3,Activity.SummerWatermelon_19,SummerWatermelonMergeBoard2,MergeBoard
code/AssetRipper_generated_CSharp/Assembly-CSharp/Activity/SummerWatermelon_19/SummerWatermelonMergeBoard3.cs,3,Activity.SummerWatermelon_19,SummerWatermelonMergeBoard3,MergeBoard
code/AssetRipper_generated_CSharp/Assembly-CSharp/Activity/SummerWatermelon_19/SummerWatermelonMergeBoard4.cs,3,Activity.SummerWatermelon_19,SummerWatermelonMergeBoard4,MergeBoard
code/AssetRipper_generated_CSharp/Assembly-CSharp/Activity/SummerWatermelon_20/SummerWatermelonMergeBoard.cs,3,Activity.SummerWatermelon_20,SummerWatermelonMergeBoard,MergeBoard
code/AssetRipper_generated_CSharp/Assembly-CSharp/Activity/SummerWatermelon_20/SummerWatermelonMergeBoard_Big.cs,3,Activity.SummerWatermelon_20,SummerWatermelonMergeBoard_Big,MergeBoard
code/AssetRipper_generated_CSharp/Assembly-CSharp/Activity/SummerWatermelon_21/SummerWatermelonMergeBoard1.cs,3,Activity.SummerWatermelon_21,SummerWatermelonMergeBoard1,MergeBoard
code/AssetRipper_generated_CSharp/Assembly-CSharp/Activity/SummerWatermelon_21/SummerWatermelonMergeBoard2.cs,3,Activity.SummerWatermelon_21,SummerWatermelonMergeBoard2,MergeBoard
code/AssetRipper_generated_CSharp/Assembly-CSharp/Activity/SummerWatermelon_21/SummerWatermelonMergeBoard3.cs,3,Activity.SummerWatermelon_21,SummerWatermelonMergeBoard3,MergeBoard
code/AssetRipper_generated_CSharp/Assembly-CSharp/Activity/SummerWatermelon_21/SummerWatermelonMergeBoard4.cs,3,Activity.SummerWatermelon_21,SummerWatermelonMergeBoard4,MergeBoard
code/AssetRipper_generated_CSharp/Assembly-CSharp/Activity/SummerWatermelon_22/SummerWatermelonMergeBoard1.cs,3,Activity.SummerWatermelon_22,SummerWatermelonMergeBoard1,MergeBoard
code/AssetRipper_generated_CSharp/Assembly-CSharp/Activity/SummerWatermelon_22/SummerWatermelonMergeBoard2.cs,3,Activity.SummerWatermelon_22,SummerWatermelonMergeBoard2,MergeBoard
code/AssetRipper_generated_CSharp/Assembly-CSharp/Activity/SummerWatermelon_22/SummerWatermelonMergeBoard3.cs,3,Activity.SummerWatermelon_22,SummerWatermelonMergeBoard3,MergeBoard
code/AssetRipper_generated_CSharp/Assembly-CSharp/Activity/SummerWatermelon_22/SummerWatermelonMergeBoard4.cs,3,Activity.SummerWatermelon_22,SummerWatermelonMergeBoard4,MergeBoard
code/AssetRipper_generated_CSharp/Assembly-CSharp/Activity/SummerWatermelon_23/SummerWatermelonMergeBoard.cs,3,Activity.SummerWatermelon_23,SummerWatermelonMergeBoard,MergeBoard
code/AssetRipper_generated_CSharp/Assembly-CSharp/Activity/SummerWatermelon_23/SummerWatermelonMergeBoard_Big.cs,3,Activity.SummerWatermelon_23,SummerWatermelonMergeBoard_Big,MergeBoard
code/AssetRipper_generated_CSharp/Assembly-CSharp/Activity/SummerWatermelon_24/SummerWatermelonMergeBoard1.cs,3,Activity.SummerWatermelon_24,SummerWatermelonMergeBoard1,MergeBoard
code/AssetRipper_generated_CSharp/Assembly-CSharp/Activity/SummerWatermelon_24/SummerWatermelonMergeBoard2.cs,3,Activity.SummerWatermelon_24,SummerWatermelonMergeBoard2,MergeBoard
code/AssetRipper_generated_CSharp/Assembly-CSharp/Activity/SummerWatermelon_24/SummerWatermelonMergeBoard3.cs,3,Activity.SummerWatermelon_24,SummerWatermelonMergeBoard3,MergeBoard
code/AssetRipper_generated_CSharp/Assembly-CSharp/Activity/SummerWatermelon_24/SummerWatermelonMergeBoard4.cs,3,Activity.SummerWatermelon_24,SummerWatermelonMergeBoard4,MergeBoard
code/AssetRipper_generated_CSharp/Assembly-CSharp/Activity/SummerWatermelon_25/SummerWatermelonMergeBoard.cs,3,Activity.SummerWatermelon_25,SummerWatermelonMergeBoard,MergeBoard
code/AssetRipper_generated_CSharp/Assembly-CSharp/Activity/SummerWatermelon_25/SummerWatermelonMergeBoard_Big.cs,3,Activity.SummerWatermelon_25,SummerWatermelonMergeBoard_Big,MergeBoard
code/AssetRipper_generated_CSharp/Assembly-CSharp/Activity/SummerWatermelon_26/SummerWatermelonMergeBoard1.cs,3,Activity.SummerWatermelon_26,SummerWatermelonMergeBoard1,MergeBoard
code/AssetRipper_generated_CSharp/Assembly-CSharp/Activity/SummerWatermelon_26/SummerWatermelonMergeBoard2.cs,3,Activity.SummerWatermelon_26,SummerWatermelonMergeBoard2,MergeBoard
code/AssetRipper_generated_CSharp/Assembly-CSharp/Activity/SummerWatermelon_26/SummerWatermelonMergeBoard3.cs,3,Activity.SummerWatermelon_26,SummerWatermelonMergeBoard3,MergeBoard
code/AssetRipper_generated_CSharp/Assembly-CSharp/Activity/SummerWatermelon_26/SummerWatermelonMergeBoard4.cs,3,Activity.SummerWatermelon_26,SummerWatermelonMergeBoard4,MergeBoard
code/AssetRipper_generated_CSharp/Assembly-CSharp/Activity/SummerWatermelon_27/SummerWatermelonMergeBoard.cs,3,Activity.SummerWatermelon_27,SummerWatermelonMergeBoard,MergeBoard
code/AssetRipper_generated_CSharp/Assembly-CSharp/Activity/SummerWatermelon_27/SummerWatermelonMergeBoard_Big.cs,3,Activity.SummerWatermelon_27,SummerWatermelonMergeBoard_Big,MergeBoard
code/AssetRipper_generated_CSharp/Assembly-CSharp/Activity/SummerWatermelon_28/SummerWatermelonMergeBoard1.cs,3,Activity.SummerWatermelon_28,SummerWatermelonMergeBoard1,MergeBoard
code/AssetRipper_generated_CSharp/Assembly-CSharp/Activity/SummerWatermelon_28/SummerWatermelonMergeBoard2.cs,3,Activity.SummerWatermelon_28,SummerWatermelonMergeBoard2,MergeBoard
code/AssetRipper_generated_CSharp/Assembly-CSharp/Activity/SummerWatermelon_28/SummerWatermelonMergeBoard3.cs,3,Activity.SummerWatermelon_28,SummerWatermelonMergeBoard3,MergeBoard
code/AssetRipper_generated_CSharp/Assembly-CSharp/Activity/SummerWatermelon_28/SummerWatermelonMergeBoard4.cs,3,Activity.SummerWatermelon_28,SummerWatermelonMergeBoard4,MergeBoard
code/AssetRipper_generated_CSharp/Assembly-CSharp/Activity/SummerWatermelon_29/SummerWatermelonMergeBoard.cs,3,Activity.SummerWatermelon_29,SummerWatermelonMergeBoard,MergeBoard
code/AssetRipper_generated_CSharp/Assembly-CSharp/Activity/SummerWatermelon_29/SummerWatermelonMergeBoard_Big.cs,3,Activity.SummerWatermelon_29,SummerWatermelonMergeBoard_Big,MergeBoard
code/AssetRipper_generated_CSharp/Assembly-CSharp/Activity/SummerWatermelon_3/SummerWatermelonMergeBoard.cs,3,Activity.SummerWatermelon_3,SummerWatermelonMergeBoard,MergeBoard
code/AssetRipper_generated_CSharp/Assembly-CSharp/Activity/SummerWatermelon_3/SummerWatermelonMergeBoard_Big.cs,3,Activity.SummerWatermelon_3,SummerWatermelonMergeBoard_Big,MergeBoard
code/AssetRipper_generated_CSharp/Assembly-CSharp/Activity/SummerWatermelon_30/SummerWatermelonMergeBoard1.cs,3,Activity.SummerWatermelon_30,SummerWatermelonMergeBoard1,MergeBoard
code/AssetRipper_generated_CSharp/Assembly-CSharp/Activity/SummerWatermelon_30/SummerWatermelonMergeBoard2.cs,3,Activity.SummerWatermelon_30,SummerWatermelonMergeBoard2,MergeBoard
code/AssetRipper_generated_CSharp/Assembly-CSharp/Activity/SummerWatermelon_30/SummerWatermelonMergeBoard3.cs,3,Activity.SummerWatermelon_30,SummerWatermelonMergeBoard3,MergeBoard
code/AssetRipper_generated_CSharp/Assembly-CSharp/Activity/SummerWatermelon_30/SummerWatermelonMergeBoard4.cs,3,Activity.SummerWatermelon_30,SummerWatermelonMergeBoard4,MergeBoard
code/AssetRipper_generated_CSharp/Assembly-CSharp/Activity/SummerWatermelon_31/SummerWatermelonMergeBoard.cs,3,Activity.SummerWatermelon_31,SummerWatermelonMergeBoard,MergeBoard
code/AssetRipper_generated_CSharp/Assembly-CSharp/Activity/SummerWatermelon_31/SummerWatermelonMergeBoard_Big.cs,3,Activity.SummerWatermelon_31,SummerWatermelonMergeBoard_Big,MergeBoard
code/AssetRipper_generated_CSharp/Assembly-CSharp/Activity/SummerWatermelon_32/SummerWatermelonMergeBoard1.cs,3,Activity.SummerWatermelon_32,SummerWatermelonMergeBoard1,MergeBoard
code/AssetRipper_generated_CSharp/Assembly-CSharp/Activity/SummerWatermelon_32/SummerWatermelonMergeBoard2.cs,3,Activity.SummerWatermelon_32,SummerWatermelonMergeBoard2,MergeBoard
code/AssetRipper_generated_CSharp/Assembly-CSharp/Activity/SummerWatermelon_32/SummerWatermelonMergeBoard3.cs,3,Activity.SummerWatermelon_32,SummerWatermelonMergeBoard3,MergeBoard
code/AssetRipper_generated_CSharp/Assembly-CSharp/Activity/SummerWatermelon_32/SummerWatermelonMergeBoard4.cs,3,Activity.SummerWatermelon_32,SummerWatermelonMergeBoard4,MergeBoard
code/AssetRipper_generated_CSharp/Assembly-CSharp/Activity/SummerWatermelon_33/SummerWatermelonMergeBoard.cs,3,Activity.SummerWatermelon_33,SummerWatermelonMergeBoard,MergeBoard
code/AssetRipper_generated_CSharp/Assembly-CSharp/Activity/SummerWatermelon_33/SummerWatermelonMergeBoard_Big.cs,3,Activity.SummerWatermelon_33,SummerWatermelonMergeBoard_Big,MergeBoard
code/AssetRipper_generated_CSharp/Assembly-CSharp/Activity/SummerWatermelon_34/SummerWatermelonMergeBoard1.cs,3,Activity.SummerWatermelon_34,SummerWatermelonMergeBoard1,MergeBoard
code/AssetRipper_generated_CSharp/Assembly-CSharp/Activity/SummerWatermelon_34/SummerWatermelonMergeBoard2.cs,3,Activity.SummerWatermelon_34,SummerWatermelonMergeBoard2,MergeBoard
code/AssetRipper_generated_CSharp/Assembly-CSharp/Activity/SummerWatermelon_34/SummerWatermelonMergeBoard3.cs,3,Activity.SummerWatermelon_34,SummerWatermelonMergeBoard3,MergeBoard
code/AssetRipper_generated_CSharp/Assembly-CSharp/Activity/SummerWatermelon_34/SummerWatermelonMergeBoard4.cs,3,Activity.SummerWatermelon_34,SummerWatermelonMergeBoard4,MergeBoard
code/AssetRipper_generated_CSharp/Assembly-CSharp/Activity/SummerWatermelon_4/SummerWatermelonMergeBoard.cs,5,Activity.SummerWatermelon_4,SummerWatermelonMergeBoard,MergeBoard
code/AssetRipper_generated_CSharp/Assembly-CSharp/Activity/SummerWatermelon_5/SummerWatermelonMergeBoard.cs,3,Activity.SummerWatermelon_5,SummerWatermelonMergeBoard,MergeBoard
code/AssetRipper_generated_CSharp/Assembly-CSharp/Activity/SummerWatermelon_5/SummerWatermelonMergeBoard_Big.cs,3,Activity.SummerWatermelon_5,SummerWatermelonMergeBoard_Big,MergeBoard
code/AssetRipper_generated_CSharp/Assembly-CSharp/Activity/SummerWatermelon_6/SummerWatermelonMergeBoard.cs,5,Activity.SummerWatermelon_6,SummerWatermelonMergeBoard,MergeBoard
code/AssetRipper_generated_CSharp/Assembly-CSharp/Activity/SummerWatermelon_7/SummerWatermelonMergeBoard.cs,3,Activity.SummerWatermelon_7,SummerWatermelonMergeBoard,MergeBoard
code/AssetRipper_generated_CSharp/Assembly-CSharp/Activity/SummerWatermelon_7/SummerWatermelonMergeBoard_Big.cs,3,Activity.SummerWatermelon_7,SummerWatermelonMergeBoard_Big,MergeBoard
code/AssetRipper_generated_CSharp/Assembly-CSharp/Activity/SummerWatermelon_8/SummerWatermelonMergeBoard.cs,5,Activity.SummerWatermelon_8,SummerWatermelonMergeBoard,MergeBoard
code/AssetRipper_generated_CSharp/Assembly-CSharp/Activity/SummerWatermelon_9/SummerWatermelonMergeBoard.cs,3,Activity.SummerWatermelon_9,SummerWatermelonMergeBoard,MergeBoard
code/AssetRipper_generated_CSharp/Assembly-CSharp/Activity/SummerWatermelon_9/SummerWatermelonMergeBoard_Big.cs,3,Activity.SummerWatermelon_9,SummerWatermelonMergeBoard_Big,MergeBoard
code/AssetRipper_generated_CSharp/Assembly-CSharp/ButterflyWorkShopMergeBoard.cs,1,,ButterflyWorkShopMergeBoard,MergeBoard
code/AssetRipper_generated_CSharp/Assembly-CSharp/NewbieRoomMergeBoard.cs,1,,NewbieRoomMergeBoard,MergeBoard
code/AssetRipper_generated_CSharp/Assembly-CSharp/SummerWatermelonMergeBoard.cs,1,,SummerWatermelonMergeBoard,MergeBoard
