module	relevance	decompiled_file	bytecode_file	bytecode_bytes	bytecode_sha256	named_function_count	decompiled_lines
CloudsDash.CloudsDashDefinition	活动棋盘及状态依赖	code/Lua/decompiled/CloudsDash/CloudsDashDefinition.lua	code/Lua/bytecode/CloudsDash/CloudsDashDefinition.luac	2995	a4bede8a23355f9eed038486dc685f798ebb50fafefc230b2770e169d37aefe9	0	62
Common.GameConfig	直接依赖/验证代码	code/Lua/decompiled/Common/GameConfig.lua	code/Lua/bytecode/Common/GameConfig.luac	1549	33f4690136b9a6b9fd136e1bf48b2b65d763fcc260add8ea549132b8f3641829	5	40
Drop.DropDefinition	活动棋盘及状态依赖	code/Lua/decompiled/Drop/DropDefinition.lua	code/Lua/bytecode/Drop/DropDefinition.luac	1284	be382837a621f8f30539ae34c92d05ff35845f3cc97e9dfa5e3f7f2129dba3c0	0	21
FreefallActivity.FreefallActivityDefinition	活动棋盘及状态依赖	code/Lua/decompiled/FreefallActivity/FreefallActivityDefinition.lua	code/Lua/bytecode/FreefallActivity/FreefallActivityDefinition.luac	3994	9ad253159241ae1e7dc4b2ac8abfa9f550e35742658acfc26d62ad1f383082bb	0	62
HuntActivity.HuntActivityDefinition	活动棋盘及状态依赖	code/Lua/decompiled/HuntActivity/HuntActivityDefinition.lua	code/Lua/bytecode/HuntActivity/HuntActivityDefinition.luac	8840	75258050de0723370553ea637382d70fb9562db6e06cd7029fc909910d4c58f9	1	244
HuntMapActivity.HuntMapActivityDefinition	活动棋盘及状态依赖	code/Lua/decompiled/HuntMapActivity/HuntMapActivityDefinition.lua	code/Lua/bytecode/HuntMapActivity/HuntMapActivityDefinition.luac	10112	e7253a7f04b227c91d8777bb8d566212a3c62e309ad51df0bb4277d117a43d02	1	143
Model.ConfigModel	直接依赖/验证代码	code/Lua/decompiled/Model/ConfigModel.lua	code/Lua/bytecode/Model/ConfigModel.luac	51231	1528a857d34f8b636793ae41618321d08b3395e7997fade8095c300907fb1901	64	1119
Model.GameModel	直接依赖/验证代码	code/Lua/decompiled/Model/GameModel.lua	code/Lua/bytecode/Model/GameModel.luac	25050	47cf2dda5d963e07a3d083a6fd5b139c4cbd9e03afca30c6c4437665f60f6bb0	34	508
Model.MapDataModel	直接依赖/验证代码	code/Lua/decompiled/Model/MapDataModel.lua	code/Lua/bytecode/Model/MapDataModel.luac	64122	0bbd1365ac6ee22db37cc546873fbb483ef70223da2b1e33b13e3b1682917db4	94	1416
Model.OpenFunctionModel	直接依赖/验证代码	code/Lua/decompiled/Model/OpenFunctionModel.lua	code/Lua/bytecode/Model/OpenFunctionModel.luac	5967	045479701b4ae6cb7453eee3451c8ec4eee39cd710dfc79b2ec45416a03b624d	11	137
Model.SceneManager	直接依赖/验证代码	code/Lua/decompiled/Model/SceneManager.lua	code/Lua/bytecode/Model/SceneManager.luac	8842	a3ee15b5ba93785caf7a9151a1e9cf98214dd72f60b178d992ff25a7e456dd63	22	214
Model.SystemConfigModel	直接依赖/验证代码	code/Lua/decompiled/Model/SystemConfigModel.lua	code/Lua/bytecode/Model/SystemConfigModel.luac	4771	5ed34ebd5582ba7c6ad2050b1a1c44532fa9f2ca406b4a9cb61ac95f9cd6029b	4	108
NoCDTrain.NoCDTrainDefinition	活动棋盘及状态依赖	code/Lua/decompiled/NoCDTrain/NoCDTrainDefinition.lua	code/Lua/bytecode/NoCDTrain/NoCDTrainDefinition.luac	3392	6372d16bcc78e389bb251cd31b2eea05fc044b386643f44c10535d17bcdb231f	1	58
TempItemActivity.TempItemModel	合成/生成/消耗事件处理；直接依赖/验证代码	code/Lua/decompiled/TempItemActivity/TempItemModel.lua	code/Lua/bytecode/TempItemActivity/TempItemModel.luac	23399	624ffbf56e700352f17400ff9d049ec5f4c3e515b8f5a980818d4abad92e9f39	39	470
BalloonRewardItem.Model.BalloonRewardModel	特殊物品/产出	code/Lua/decompiled/BalloonRewardItem/Model/BalloonRewardModel.lua	code/Lua/bytecode/BalloonRewardItem/Model/BalloonRewardModel.luac	24541	a70f3bce1ab7ecea2cc53a6889f6af1c7139573fb5986b8222bb854f472c6bdc	26	507
Board.Model.BoardModelHelper	核心棋盘/物品/订单	code/Lua/decompiled/Board/Model/BoardModelHelper.lua	code/Lua/bytecode/Board/Model/BoardModelHelper.luac	3402	3bdd694ced2394b93a996eec73e8f0078cd17c2248d3e98fd2f46efaafc4e7c3	3	66
Board.Model.ItemBoxSimilarUtility	核心棋盘/物品/订单	code/Lua/decompiled/Board/Model/ItemBoxSimilarUtility.lua	code/Lua/bytecode/Board/Model/ItemBoxSimilarUtility.luac	1718	89f1d14662ca87ac24c4b806845cfe2cc590125e1f13b61b38bcf01339b8601d	4	29
Board.Model.ItemChangeHelper	核心棋盘/物品/订单	code/Lua/decompiled/Board/Model/ItemChangeHelper.lua	code/Lua/bytecode/Board/Model/ItemChangeHelper.luac	8408	294a2239c52dc952559d3b57b96bf00e183dd0549a933ee7458690702deaf7fd	10	188
Board.Model.ItemDataModel	核心棋盘/物品/订单；合成/生成/消耗事件处理	code/Lua/decompiled/Board/Model/ItemDataModel.lua	code/Lua/bytecode/Board/Model/ItemDataModel.luac	47960	a861ab525cef646d6c7626b85d3e16f69db8661153a5c873ff9c1802ec899c9a	83	1059
Board.Model.ItemModelFactory	核心棋盘/物品/订单	code/Lua/decompiled/Board/Model/ItemModelFactory.lua	code/Lua/bytecode/Board/Model/ItemModelFactory.luac	16296	3b274685069e96afc5716394355a3c3f140b0e9318106ac7d3758ded769a8919	18	309
Board.Model.ItemUtility	核心棋盘/物品/订单	code/Lua/decompiled/Board/Model/ItemUtility.lua	code/Lua/bytecode/Board/Model/ItemUtility.luac	13618	d83d2b7a8015c9de02548a468297c0b7caca638cd381f8c7b0d15b32836b8971	20	332
Board.View.BaseActionBoardView	核心棋盘/物品/订单	code/Lua/decompiled/Board/View/BaseActionBoardView.lua	code/Lua/bytecode/Board/View/BaseActionBoardView.luac	8554	b33193c1c7e91de8da82e7e605fc5d44c665bc8fb84864ad45e79e319a1ca3b7	15	157
Board.View.BaseBoardView	核心棋盘/物品/订单	code/Lua/decompiled/Board/View/BaseBoardView.lua	code/Lua/bytecode/Board/View/BaseBoardView.luac	18955	f3b7a877bb8e79518ff8cca3350f3a0991236b10dd8c4611ce035f01fc1daffc	31	388
Board.View.BaseSceneBoardView	核心棋盘/物品/订单	code/Lua/decompiled/Board/View/BaseSceneBoardView.lua	code/Lua/bytecode/Board/View/BaseSceneBoardView.luac	127156	a123a7e3b14f5e65f118a3063fc8c61f34a1e3570baaa44d602e30b5e58ac3fb	132	2614
Board.View.BaseUIBoardView	核心棋盘/物品/订单	code/Lua/decompiled/Board/View/BaseUIBoardView.lua	code/Lua/bytecode/Board/View/BaseUIBoardView.luac	94743	d4f190e77269995cf310bac8248edec14507d88266d7bd52485a27fb14f5c6f7	113	1933
Board.View.BoardCacheRoot	核心棋盘/物品/订单	code/Lua/decompiled/Board/View/BoardCacheRoot.lua	code/Lua/bytecode/Board/View/BoardCacheRoot.luac	9991	9931d0aea0ed7a90c6579dc02c98e0fa4202100858b01b2e00aa7283b4b239c0	23	211
Board.View.BoardPrompt	核心棋盘/物品/订单	code/Lua/decompiled/Board/View/BoardPrompt.lua	code/Lua/bytecode/Board/View/BoardPrompt.luac	45473	48057116d49cf0f6f89943ac1b1d37e5a3a62aca0241525379575f5b1d888ee9	85	1050
Board.View.MainBoardView	核心棋盘/物品/订单	code/Lua/decompiled/Board/View/MainBoardView.lua	code/Lua/bytecode/Board/View/MainBoardView.luac	22135	b021a3e2af3e42f32abd5f74fdcb392fe12b46289bb326e22bf01cb0156a613e	41	438
BoxItem.Model.BoxItemDefinition	特殊物品/产出	code/Lua/decompiled/BoxItem/Model/BoxItemDefinition.lua	code/Lua/bytecode/BoxItem/Model/BoxItemDefinition.luac	288	63c19cc2dbf8544c753b8f70593d074e229b7487516a58ef6b91ee5c1c62c41d	0	4
BoxItem.Model.BoxItemModel	特殊物品/产出	code/Lua/decompiled/BoxItem/Model/BoxItemModel.lua	code/Lua/bytecode/BoxItem/Model/BoxItemModel.luac	4270	425824485bc5c8e420705a850455dabb73f2f82645d2c2b18361617a21879743	11	83
BoxItem.Model.RandomBoxData	特殊物品/产出	code/Lua/decompiled/BoxItem/Model/RandomBoxData.lua	code/Lua/bytecode/BoxItem/Model/RandomBoxData.luac	3633	0dbf5c392ff72a12d58ea0ba470afa2b7e77a03eeddf971459c5175a72824aa0	5	86
CloudsDash.Board.CloudsDashHuntBoardModel	活动棋盘及状态依赖；合成/生成/消耗事件处理；直接玩法方法	code/Lua/decompiled/CloudsDash/Board/CloudsDashHuntBoardModel.lua	code/Lua/bytecode/CloudsDash/Board/CloudsDashHuntBoardModel.luac	16242	2a68490b6ee10deb605955172c568519783d7753f5eacb85f5838de8d0cbd2fb	44	348
CloudsDash.Board.CloudsDashHuntBoardView	活动棋盘及状态依赖	code/Lua/decompiled/CloudsDash/Board/CloudsDashHuntBoardView.lua	code/Lua/bytecode/CloudsDash/Board/CloudsDashHuntBoardView.luac	33285	945542af2d29c773922c7aed612feb9f257d350499db9de559e917ecfe6aa9f8	47	646
CloudsDash.Board.CloudsDashItemLayerModel	活动棋盘及状态依赖	code/Lua/decompiled/CloudsDash/Board/CloudsDashItemLayerModel.lua	code/Lua/bytecode/CloudsDash/Board/CloudsDashItemLayerModel.luac	3118	c852db685376d9cf2f96d7e8ed13a225effc91a400e0756023ce3c92557ce076	4	64
CloudsDash.Model.CloudsDashModel	活动棋盘及状态依赖	code/Lua/decompiled/CloudsDash/Model/CloudsDashModel.lua	code/Lua/bytecode/CloudsDash/Model/CloudsDashModel.luac	31304	db06189310a4eec24078ae3051a724532104d98bfd2d0cc87b813dd08662a173	65	706
Common.Event.EventDispatcher	直接依赖/验证代码	code/Lua/decompiled/Common/Event/EventDispatcher.lua	code/Lua/bytecode/Common/Event/EventDispatcher.luac	6046	dd24991e21c0901f226b08671dfbfe4a4c5ad97c7c2bbbf35a0fcbea47d21077	7	121
Common.Event.PairEvent	直接依赖/验证代码	code/Lua/decompiled/Common/Event/PairEvent.lua	code/Lua/bytecode/Common/Event/PairEvent.luac	2971	a89dd7f6ba63f8175f65c31f8793cc8b3b010d4f6297cde17a079c2708e4e324	7	74
Common.Utility.PlayerPrefs	直接依赖/验证代码	code/Lua/decompiled/Common/Utility/PlayerPrefs.lua	code/Lua/bytecode/Common/Utility/PlayerPrefs.luac	3646	64a88ed1f910f760783b9655c8f35bfe945964c6dd0df7a5d5e3e1d9cb8f4233	12	82
Common.Utility.PositionUtil	直接依赖/验证代码	code/Lua/decompiled/Common/Utility/PositionUtil.lua	code/Lua/bytecode/Common/Utility/PositionUtil.luac	3128	c7c614ec6c43b6fe7bd53899be7060ac1ef777a366589339c6838e017584d603	7	76
Common.Utility.Scheduler	直接依赖/验证代码	code/Lua/decompiled/Common/Utility/Scheduler.lua	code/Lua/bytecode/Common/Utility/Scheduler.luac	6876	462afe321b64eebd2561a2687ea58f5db0f29bb70aa6b994855ec4ee2c7e14ce	19	213
Common.Utility.StringUtil	直接依赖/验证代码	code/Lua/decompiled/Common/Utility/StringUtil.lua	code/Lua/bytecode/Common/Utility/StringUtil.luac	9187	c17dc4b0dab04eda5fa85187f11c53979e4326ade6a58bfcf118089f17adbee8	21	230
Common.Utility.Table	直接依赖/验证代码	code/Lua/decompiled/Common/Utility/Table.lua	code/Lua/bytecode/Common/Utility/Table.luac	18495	c840e808b215e01fc3c16e6e488d197d562a3834d65e8870f0732c04d5475d3d	40	499
Common.Utility.TimeUtil	直接依赖/验证代码	code/Lua/decompiled/Common/Utility/TimeUtil.lua	code/Lua/bytecode/Common/Utility/TimeUtil.luac	9103	d7ab0046f29052125c9dc101b2974ae15e831c880e2596a4cb976a33af9e66c2	15	236
Common.Utility.Vector	直接依赖/验证代码	code/Lua/decompiled/Common/Utility/Vector.lua	code/Lua/bytecode/Common/Utility/Vector.luac	6883	83c25f93e6ffd7382bc8ecea471223b2b7b0206568e340b1218a2531c487b41f	19	155
Drop.Board.DropActivityBoard	活动棋盘及状态依赖	code/Lua/decompiled/Drop/Board/DropActivityBoard.lua	code/Lua/bytecode/Drop/Board/DropActivityBoard.luac	29976	489eaf86740a09d9479f518f7a5da358e65057fce419d4fab68e9a7f522523a1	33	625
Drop.Board.DropActivityItemFactory	活动棋盘及状态依赖	code/Lua/decompiled/Drop/Board/DropActivityItemFactory.lua	code/Lua/bytecode/Drop/Board/DropActivityItemFactory.luac	1357	1f68aeeebcd0c28718b5261cc2d1b477208267f073096a1854d7899a0aea8137	3	31
Drop.Model.DropModel	活动棋盘及状态依赖；直接玩法方法	code/Lua/decompiled/Drop/Model/DropModel.lua	code/Lua/bytecode/Drop/Model/DropModel.luac	23072	570082b056d1258d4cd5abd66aa950c572ef2edbe2aa141eb548a3c1652d15fc	54	478
FreefallActivity.Board.BoardPromptFreefall	活动棋盘及状态依赖	code/Lua/decompiled/FreefallActivity/Board/BoardPromptFreefall.lua	code/Lua/bytecode/FreefallActivity/Board/BoardPromptFreefall.luac	2259	bee734666ff9c58d460af04d8284476fb40dc41fcea765e04b75a8c8440c8d69	5	53
FreefallActivity.Board.FreefallActivityBoardModel	活动棋盘及状态依赖；合成/生成/消耗事件处理；直接玩法方法	code/Lua/decompiled/FreefallActivity/Board/FreefallActivityBoardModel.lua	code/Lua/bytecode/FreefallActivity/Board/FreefallActivityBoardModel.luac	56730	74a1f683c88819d18793cbe4b4717c8b9f52a65a2b9044816f78f2d7145db4a6	85	1296
FreefallActivity.Board.FreefallActivityBoardView	活动棋盘及状态依赖	code/Lua/decompiled/FreefallActivity/Board/FreefallActivityBoardView.lua	code/Lua/bytecode/FreefallActivity/Board/FreefallActivityBoardView.luac	51734	1e6640f168d321aa1bc51d22384ae997d750ad6a1dc9bfcadfc5f8662cfea022	65	990
FreefallActivity.Board.FreefallActivityItemLayerModel	活动棋盘及状态依赖	code/Lua/decompiled/FreefallActivity/Board/FreefallActivityItemLayerModel.lua	code/Lua/bytecode/FreefallActivity/Board/FreefallActivityItemLayerModel.luac	1558	3f40832cb0beb1281aae522a58ee50ec8eeb9e559e0b8288834d95bce37cde86	3	31
FreefallActivity.Model.FreefallActivityModel	活动棋盘及状态依赖	code/Lua/decompiled/FreefallActivity/Model/FreefallActivityModel.lua	code/Lua/bytecode/FreefallActivity/Model/FreefallActivityModel.luac	55116	120bed1775bd8b281a422f8b542b9b961300e5205b7002180e5bb0eb819285a1	89	1103
HuntMapActivity.Board.BoardPromptHuntMap	活动棋盘及状态依赖	code/Lua/decompiled/HuntMapActivity/Board/BoardPromptHuntMap.lua	code/Lua/bytecode/HuntMapActivity/Board/BoardPromptHuntMap.luac	12592	4dfcba0c10f06a301d829241789add493496b7208a962b738ae752b4c9755351	25	287
HuntMapActivity.Board.HuntMapActivityBoardModel	活动棋盘及状态依赖	code/Lua/decompiled/HuntMapActivity/Board/HuntMapActivityBoardModel.lua	code/Lua/bytecode/HuntMapActivity/Board/HuntMapActivityBoardModel.luac	7358	6e3f6eea923481727893b379435ab2a46afda5c5096f94330fb9e9ec1f02fde6	15	149
HuntMapActivity.Board.HuntMapActivityBoardView	活动棋盘及状态依赖	code/Lua/decompiled/HuntMapActivity/Board/HuntMapActivityBoardView.lua	code/Lua/bytecode/HuntMapActivity/Board/HuntMapActivityBoardView.luac	10720	e2fcba2e75ed3290626d0fd739937333f66bd8817d3725288f72cab769c7f6b4	19	208
HuntMapActivity.Board.HuntMapActivityItemLayerModel	活动棋盘及状态依赖	code/Lua/decompiled/HuntMapActivity/Board/HuntMapActivityItemLayerModel.lua	code/Lua/bytecode/HuntMapActivity/Board/HuntMapActivityItemLayerModel.luac	777	5edc6259bf8bb6c3a3f7cdc34d5afacf207e5a9248125ffd12f597a2f1501d21	2	12
HuntMapActivity.Model.HuntMapActivityMapModel	活动棋盘及状态依赖	code/Lua/decompiled/HuntMapActivity/Model/HuntMapActivityMapModel.lua	code/Lua/bytecode/HuntMapActivity/Model/HuntMapActivityMapModel.luac	48681	5cfdacce7d88dc1010ea7e4c921953178fc9ff24bb4a88b8a282071b31dcc1ec	65	1056
HuntMapActivity.Model.HuntMapActivityModel	活动棋盘及状态依赖；合成/生成/消耗事件处理；直接玩法方法	code/Lua/decompiled/HuntMapActivity/Model/HuntMapActivityModel.lua	code/Lua/bytecode/HuntMapActivity/Model/HuntMapActivityModel.luac	59603	f44f33236343095a9f86401a3455ea513c10b516903f2fc9693dda900f642aaf	125	1263
HuntMapActivity.Model.HuntMapActivityTaskModel	活动棋盘及状态依赖	code/Lua/decompiled/HuntMapActivity/Model/HuntMapActivityTaskModel.lua	code/Lua/bytecode/HuntMapActivity/Model/HuntMapActivityTaskModel.luac	33087	b00a245f94ccf561835a3db49dd0eacc0df47c08cf654df66f5b305ac9342e42	46	686
LuckyProduce.Model.LuckyProduceModel	特殊物品/产出	code/Lua/decompiled/LuckyProduce/Model/LuckyProduceModel.lua	code/Lua/bytecode/LuckyProduce/Model/LuckyProduceModel.luac	19244	7f26dcaf8e9a129c416f9c1c889f3edb6895df30f55e13c931307d24da3e9d75	36	392
Model.Activity.ActivityManager	直接依赖/验证代码	code/Lua/decompiled/Model/Activity/ActivityManager.lua	code/Lua/bytecode/Model/Activity/ActivityManager.luac	29798	1fe8aea83ee54133e568d6f3692f0f1cc6163e9aa7ab2452f81d26f4ccdd4f48	48	639
Model.Activity.ActivityTokenHelper	合成/生成/消耗事件处理；直接依赖/验证代码	code/Lua/decompiled/Model/Activity/ActivityTokenHelper.lua	code/Lua/bytecode/Model/Activity/ActivityTokenHelper.luac	19601	1090fc8e4887ec1cb33d76db5e754c5823bf17c66be917a4d4d0838beca22bd9	20	405
Model.Activity.BaseActivityModel	直接依赖/验证代码	code/Lua/decompiled/Model/Activity/BaseActivityModel.lua	code/Lua/bytecode/Model/Activity/BaseActivityModel.luac	28653	926267072e0757eef88eb1157f450d57506774ad967123508efb3db7261c06ee	76	595
Model.DB.DBIdGenerator	直接依赖/验证代码	code/Lua/decompiled/Model/DB/DBIdGenerator.lua	code/Lua/bytecode/Model/DB/DBIdGenerator.luac	997	6e1c42f8363ae5b3f289a8cd9b11c373d5e38fb17557b2ac597e3dc8ecf574b3	3	28
Model.DB.DBTable	直接依赖/验证代码	code/Lua/decompiled/Model/DB/DBTable.lua	code/Lua/bytecode/Model/DB/DBTable.luac	27919	d12c43a1255b00865e4fe526fe0896176810d3cbe3d542c7cd8891e568a6a590	51	684
Model.DB.DBTableManager	直接依赖/验证代码	code/Lua/decompiled/Model/DB/DBTableManager.lua	code/Lua/bytecode/Model/DB/DBTableManager.luac	7287	a85f90c4fdcb824d0d93fd0adc6324da1d70e420e2877b7a72728fa98af266c8	17	193
Model.DB.DatabaseModel	直接依赖/验证代码	code/Lua/decompiled/Model/DB/DatabaseModel.lua	code/Lua/bytecode/Model/DB/DatabaseModel.luac	4001	7fa485561675f59c80049463f93b53a36941a99acf9e5ec4da1e655bac44da98	17	108
Model.PropItem.PropItemAccelerator	特殊物品/产出	code/Lua/decompiled/Model/PropItem/PropItemAccelerator.lua	code/Lua/bytecode/Model/PropItem/PropItemAccelerator.luac	7491	a34baba4c42646df04bca7417526cbddc10b9fdf16fd3e60fe53e828b0debcbb	17	162
Model.PropItem.PropItemBase	特殊物品/产出	code/Lua/decompiled/Model/PropItem/PropItemBase.lua	code/Lua/bytecode/Model/PropItem/PropItemBase.luac	1511	bf024c2e079b638ca0304f136ce5f3ae5697c578a30ee76fcdf9701438112d6c	12	42
Model.PropItem.PropItemEnergy4x	特殊物品/产出	code/Lua/decompiled/Model/PropItem/PropItemEnergy4x.lua	code/Lua/bytecode/Model/PropItem/PropItemEnergy4x.luac	4858	b69ea9c065daf9d403040a0279178657c9a3c9fc0ba0c63162521ae094b60443	12	101
Model.PropItem.PropItemExtraOrder	特殊物品/产出	code/Lua/decompiled/Model/PropItem/PropItemExtraOrder.lua	code/Lua/bytecode/Model/PropItem/PropItemExtraOrder.luac	4538	5e241532d9aec7fa3e0e942c2ceabd38743feb8c933d957cdd9033a598dea51a	12	96
Model.PropItem.PropItemInstance	特殊物品/产出	code/Lua/decompiled/Model/PropItem/PropItemInstance.lua	code/Lua/bytecode/Model/PropItem/PropItemInstance.luac	1911	a96a494fdd907d817391b10a8de1ce5fe3b417c6fb0d1993141ab4ff017dbbbd	4	41
Model.PropItem.PropItemManager	特殊物品/产出；直接依赖/验证代码	code/Lua/decompiled/Model/PropItem/PropItemManager.lua	code/Lua/bytecode/Model/PropItem/PropItemManager.luac	2239	96c5e87704ec37cda6ce23e362ac462b88e3c2b3a1d436e210bfb8545a357648	5	42
Model.Sync.SyncModel	直接依赖/验证代码	code/Lua/decompiled/Model/Sync/SyncModel.lua	code/Lua/bytecode/Model/Sync/SyncModel.luac	39306	67832b5d4272bcdd7463fc1a328025b1d6af851a7131c59393ed32471f7639c3	54	768
Model.Tutorial.TutorialHelper	直接依赖/验证代码	code/Lua/decompiled/Model/Tutorial/TutorialHelper.lua	code/Lua/bytecode/Model/Tutorial/TutorialHelper.luac	32127	7e618419815a0b811be59cd9e67a84ed1058dcdb4b644bef79da108536bbb340	92	633
Model.Tutorial.TutorialModel	直接依赖/验证代码	code/Lua/decompiled/Model/Tutorial/TutorialModel.lua	code/Lua/bytecode/Model/Tutorial/TutorialModel.luac	16986	b7e179598d28c8c99d86089c8597e21461944df2f02dc2e3a904a6f067433be5	46	379
Model.UserData.EnergyModel	直接依赖/验证代码	code/Lua/decompiled/Model/UserData/EnergyModel.lua	code/Lua/bytecode/Model/UserData/EnergyModel.luac	1379	f0412feb241ca2326330f11ff2ec2daeb86585f13b1a4986176bfe8682edda71	3	25
Model.UserData.LevelModel	直接依赖/验证代码	code/Lua/decompiled/Model/UserData/LevelModel.lua	code/Lua/bytecode/Model/UserData/LevelModel.luac	12265	95b72597457fb21308028a60cddd1d0135b105254743d32099323263d1bf049b	22	260
Model.UserData.MiscModel	直接依赖/验证代码	code/Lua/decompiled/Model/UserData/MiscModel.lua	code/Lua/bytecode/Model/UserData/MiscModel.luac	1614	33c6190fcd5dee40786d6a2df6da9638f55b973f8875785e646acd27ce18b581	6	33
Model.UserData.ModelHelper	直接依赖/验证代码	code/Lua/decompiled/Model/UserData/ModelHelper.lua	code/Lua/bytecode/Model/UserData/ModelHelper.luac	4438	65e7601f84d54f27756b36054673b28e17f99864244edb06335567dd8de2f3a1	9	83
Model.UserData.PropertyDataManager	直接依赖/验证代码	code/Lua/decompiled/Model/UserData/PropertyDataManager.lua	code/Lua/bytecode/Model/UserData/PropertyDataManager.luac	27693	e78804c1374185325be68f78cba7933ddb600a3fc5269eef14f7f88d3e41f9b8	26	717
Model.UserData.RewardApi	直接依赖/验证代码	code/Lua/decompiled/Model/UserData/RewardApi.lua	code/Lua/bytecode/Model/UserData/RewardApi.luac	38856	5bcf4d386519d02b291b1e137348fcd30f9cc7ff9d6b6cd23cfe2adec9d4895d	24	894
Model.UserData.UserModel	直接依赖/验证代码	code/Lua/decompiled/Model/UserData/UserModel.lua	code/Lua/bytecode/Model/UserData/UserModel.luac	18751	25488f4d9931ae7b2384c1f497e5108620b34bf182609a4439862323bf72bea7	40	365
NoCDTrain.Board.NoCDTrainBoardModel	活动棋盘及状态依赖；合成/生成/消耗事件处理	code/Lua/decompiled/NoCDTrain/Board/NoCDTrainBoardModel.lua	code/Lua/bytecode/NoCDTrain/Board/NoCDTrainBoardModel.luac	24152	043e432905af1eb816bc013c02e73e879cfb8dcbc42146a79944c404c3d70752	50	504
NoCDTrain.Board.NoCDTrainBoardView	活动棋盘及状态依赖	code/Lua/decompiled/NoCDTrain/Board/NoCDTrainBoardView.lua	code/Lua/bytecode/NoCDTrain/Board/NoCDTrainBoardView.luac	14744	fd3d6cca0d4972a1c3d49ec43070bd6157342fa78698fdbe315529e73052d811	32	279
NoCDTrain.Board.NoCDTrainItemLayerModel	活动棋盘及状态依赖	code/Lua/decompiled/NoCDTrain/Board/NoCDTrainItemLayerModel.lua	code/Lua/bytecode/NoCDTrain/Board/NoCDTrainItemLayerModel.luac	5838	9b6e54d9db10caa4ed778179f7586c1f6d4a052f4dc058ec104823459461a406	10	124
NoCDTrain.Model.NoCDTrainModel	活动棋盘及状态依赖	code/Lua/decompiled/NoCDTrain/Model/NoCDTrainModel.lua	code/Lua/bytecode/NoCDTrain/Model/NoCDTrainModel.luac	50273	eef8e1ef948383a5b90946f3f3aeb202cc69215f313fb8b2ed8a517948113980	77	948
UI.Button.InventoryButton	物品/库存交互	code/Lua/decompiled/UI/Button/InventoryButton.lua	code/Lua/bytecode/UI/Button/InventoryButton.luac	13036	8f6f15de5d038cfef5999e55d40bb90a4691a68fa5f91f01281081640ce42a57	29	268
WheelItem.Model.WheelItemData	特殊物品/产出	code/Lua/decompiled/WheelItem/Model/WheelItemData.lua	code/Lua/bytecode/WheelItem/Model/WheelItemData.luac	2053	f1ac06daa1c26c8bd25a99b43449948843a5676c350c8e5f2ffedb705a4eaf14	5	41
WheelItem.Model.WheelItemModel	特殊物品/产出	code/Lua/decompiled/WheelItem/Model/WheelItemModel.lua	code/Lua/bytecode/WheelItem/Model/WheelItemModel.luac	5269	01166eaf3a9e2580c2bab18917c528ed96fee74d667a3947e3f8e401dde6337b	13	82
Board.Model.Base.BoardPosition	核心棋盘/物品/订单	code/Lua/decompiled/Board/Model/Base/BoardPosition.lua	code/Lua/bytecode/Board/Model/Base/BoardPosition.luac	3143	75a8833511e01934611c0ef4ec45508991f37e418ccd699aa15f044de81decd5	11	74
Board.Model.Base.Matrix	核心棋盘/物品/订单	code/Lua/decompiled/Board/Model/Base/Matrix.lua	code/Lua/bytecode/Board/Model/Base/Matrix.luac	1622	ee602fb22362ffc9ca05efd571dce1d067e7069954a628a2c8464b47256714eb	6	34
Board.Model.Board.BaseActionBoardModel	核心棋盘/物品/订单	code/Lua/decompiled/Board/Model/Board/BaseActionBoardModel.lua	code/Lua/bytecode/Board/Model/Board/BaseActionBoardModel.luac	3002	f46859aee08b5aceb663d4537efcf7f1f34f491f3cdb9b7ebe35d098ffdd1866	8	71
Board.Model.Board.BaseBoardModel	核心棋盘/物品/订单；合成/生成/消耗事件处理；直接玩法方法	code/Lua/decompiled/Board/Model/Board/BaseBoardModel.lua	code/Lua/bytecode/Board/Model/Board/BaseBoardModel.luac	14661	b3396edad58fb8e107e98e12731d779b647e7c9986a65e665bc3987dc51ea335	48	325
Board.Model.Board.BaseItemLayerModel	核心棋盘/物品/订单	code/Lua/decompiled/Board/Model/Board/BaseItemLayerModel.lua	code/Lua/bytecode/Board/Model/Board/BaseItemLayerModel.luac	5711	43402243d046b3c230293c61833c052845dc1142669e7b5dbbe936ef37ba0bfe	10	129
Board.Model.Board.BaseSceneBoardModel	核心棋盘/物品/订单；合成/生成/消耗事件处理；直接玩法方法	code/Lua/decompiled/Board/Model/Board/BaseSceneBoardModel.lua	code/Lua/bytecode/Board/Model/Board/BaseSceneBoardModel.luac	55471	a6bec124aa945d0a0a9f8fbe458c11d6707ae74a4dd674a4cdd864d74e7d67ce	63	1267
Board.Model.Board.BaseUIBoardItemLayerModel	核心棋盘/物品/订单	code/Lua/decompiled/Board/Model/Board/BaseUIBoardItemLayerModel.lua	code/Lua/bytecode/Board/Model/Board/BaseUIBoardItemLayerModel.luac	9084	85ccf5af118a2b89723d87e5ac7c68e4945089912e572103e226b6a884549e47	13	184
Board.Model.Board.BaseUIBoardModel	核心棋盘/物品/订单；合成/生成/消耗事件处理；直接玩法方法	code/Lua/decompiled/Board/Model/Board/BaseUIBoardModel.lua	code/Lua/bytecode/Board/Model/Board/BaseUIBoardModel.luac	53173	ec5f184a3760487d7dd0a3b0b35f78e475d3fb4dd50ea6d2fb058cf26069e09e	88	1224
Board.Model.Board.BoardDefinition	核心棋盘/物品/订单	code/Lua/decompiled/Board/Model/Board/BoardDefinition.lua	code/Lua/bytecode/Board/Model/Board/BoardDefinition.luac	4118	1c2d4cb0f3617847162554fa6458467f82f87aacd0eb2a180ffbd94cfe6adf99	2	104
Board.Model.Board.ItemCacheModel	核心棋盘/物品/订单	code/Lua/decompiled/Board/Model/Board/ItemCacheModel.lua	code/Lua/bytecode/Board/Model/Board/ItemCacheModel.luac	7745	fce044727edf6db5d81600a0f79274a9db8e5d7edfed646022d863843bd67544	15	172
Board.Model.Board.ItemChainHelper	核心棋盘/物品/订单	code/Lua/decompiled/Board/Model/Board/ItemChainHelper.lua	code/Lua/bytecode/Board/Model/Board/ItemChainHelper.luac	1667	bd081350aa2f6cc5b86460d2cc281cdadb7d2b60004a6a9d2e847709d5976c5f	2	46
Board.Model.Board.ItemFixedSpreadModel	核心棋盘/物品/订单	code/Lua/decompiled/Board/Model/Board/ItemFixedSpreadModel.lua	code/Lua/bytecode/Board/Model/Board/ItemFixedSpreadModel.luac	6818	9755a8dd8ef7e15e9dcc29ed93a8edcadc97f2ea857aa8e2518f212b0cd500ec	13	135
Board.Model.Board.ItemLuckySpreadModel	核心棋盘/物品/订单	code/Lua/decompiled/Board/Model/Board/ItemLuckySpreadModel.lua	code/Lua/bytecode/Board/Model/Board/ItemLuckySpreadModel.luac	3715	6be5cf032281a6bceb2fcec84f66e19ca60757bfd220e62dadd47fbf3ab523d5	3	79
Board.Model.Board.ItemManager	核心棋盘/物品/订单	code/Lua/decompiled/Board/Model/Board/ItemManager.lua	code/Lua/bytecode/Board/Model/Board/ItemManager.luac	4173	f43ee296cc66e207805098cba4932120153ec0a1869d48ecca2ca0967022764e	12	100
Board.Model.Board.ItemSpreadHelper	核心棋盘/物品/订单	code/Lua/decompiled/Board/Model/Board/ItemSpreadHelper.lua	code/Lua/bytecode/Board/Model/Board/ItemSpreadHelper.luac	2728	f707553fb24f14d95d4af953a1b413303354e38e716c4b87a8d6fbd016be19ab	5	59
Board.Model.Board.ItemStoreModel	核心棋盘/物品/订单	code/Lua/decompiled/Board/Model/Board/ItemStoreModel.lua	code/Lua/bytecode/Board/Model/Board/ItemStoreModel.luac	11451	d8d9e0bda947d3369cfa9f31b098488524ca9c24d51393e798b1f79abadde599	26	252
Board.Model.Board.MainBoardModel	核心棋盘/物品/订单；合成/生成/消耗事件处理	code/Lua/decompiled/Board/Model/Board/MainBoardModel.lua	code/Lua/bytecode/Board/Model/Board/MainBoardModel.luac	51632	9ac0fda3f5b39d5532d24374452dc51b9cb337b7ad979c2387c46e769b87b305	71	1087
Board.Model.Board.SceneItemLayerModel	核心棋盘/物品/订单	code/Lua/decompiled/Board/Model/Board/SceneItemLayerModel.lua	code/Lua/bytecode/Board/Model/Board/SceneItemLayerModel.luac	10590	e4f4daa17ac7c61ee243c24503108007ca72f7cfc024ba9120121adf326ac72b	20	242
Board.Model.Item.BaseItemComponent	核心棋盘/物品/订单	code/Lua/decompiled/Board/Model/Item/BaseItemComponent.lua	code/Lua/bytecode/Board/Model/Item/BaseItemComponent.luac	2358	9d187a8a6aab526e04a9764b25d5c2e6e22bf777e543f5df7d9f32015dfacea6	19	64
Board.Model.Item.ItemBattery	核心棋盘/物品/订单	code/Lua/decompiled/Board/Model/Item/ItemBattery.lua	code/Lua/bytecode/Board/Model/Item/ItemBattery.luac	3133	94aa22b078245a01f2572e950e7a490dca15099871864c81ce52714af0d58640	11	69
Board.Model.Item.ItemBroom	核心棋盘/物品/订单	code/Lua/decompiled/Board/Model/Item/ItemBroom.lua	code/Lua/bytecode/Board/Model/Item/ItemBroom.luac	1302	3ddc74b9f0efb929b33c999842f1047f3c097fa932dc80959bd80c0c6336274d	3	23
Board.Model.Item.ItemBubble	核心棋盘/物品/订单	code/Lua/decompiled/Board/Model/Item/ItemBubble.lua	code/Lua/bytecode/Board/Model/Item/ItemBubble.luac	12844	ec4d1e2363432e8a1c59089bc0c982ca9675b33c3308670829773a48eec08930	19	274
Board.Model.Item.ItemCharge	核心棋盘/物品/订单	code/Lua/decompiled/Board/Model/Item/ItemCharge.lua	code/Lua/bytecode/Board/Model/Item/ItemCharge.luac	13838	7b1a723b4e1f212f01c1514b37e564bf4d3a1c69dbc0e1d592d62303a53b9e74	26	322
Board.Model.Item.ItemChoose	核心棋盘/物品/订单	code/Lua/decompiled/Board/Model/Item/ItemChoose.lua	code/Lua/bytecode/Board/Model/Item/ItemChoose.luac	11547	10c1466faec14d334e9e79d1693532bb14ec6570723743cb2c8b36217e0200f9	15	276
Board.Model.Item.ItemCobweb	核心棋盘/物品/订单	code/Lua/decompiled/Board/Model/Item/ItemCobweb.lua	code/Lua/bytecode/Board/Model/Item/ItemCobweb.luac	3468	b9fded52427b574b8f40b2b7bceb2c04dfd23101ad7f392c1a57b7a4be640b90	7	72
Board.Model.Item.ItemCollectable	核心棋盘/物品/订单	code/Lua/decompiled/Board/Model/Item/ItemCollectable.lua	code/Lua/bytecode/Board/Model/Item/ItemCollectable.luac	6011	6d0c28225860854cbbe4f9ef370dbe1eaee5d3fad5ce9c5574715e76f4a163ed	7	119
Board.Model.Item.ItemDefinition	核心棋盘/物品/订单	code/Lua/decompiled/Board/Model/Item/ItemDefinition.lua	code/Lua/bytecode/Board/Model/Item/ItemDefinition.luac	10618	811c374dc88a513fc218f137123d71ed36fdc49273f405b8b34e15b75a3ef3fb	0	322
Board.Model.Item.ItemDig	核心棋盘/物品/订单	code/Lua/decompiled/Board/Model/Item/ItemDig.lua	code/Lua/bytecode/Board/Model/Item/ItemDig.luac	4531	a77151575e64c8a1693104e04305903f9ad37dccf4b6b5c18057036c53b90946	11	100
Board.Model.Item.ItemExtraSpread	核心棋盘/物品/订单	code/Lua/decompiled/Board/Model/Item/ItemExtraSpread.lua	code/Lua/bytecode/Board/Model/Item/ItemExtraSpread.luac	3272	dade6f4954ee8f50efb8ef3828852981cfd0a987fc9487e38bde9ed75e7874fe	8	71
Board.Model.Item.ItemFall	核心棋盘/物品/订单	code/Lua/decompiled/Board/Model/Item/ItemFall.lua	code/Lua/bytecode/Board/Model/Item/ItemFall.luac	2944	71dbfb50d60f8df35a7c6a23d79999c1aebbdc22c01a8830fe895c4da099acb4	6	90
Board.Model.Item.ItemFreefallBoss	核心棋盘/物品/订单	code/Lua/decompiled/Board/Model/Item/ItemFreefallBoss.lua	code/Lua/bytecode/Board/Model/Item/ItemFreefallBoss.luac	7477	74eb4a6b50f95c9b9902d480c05e65a76e55eaff8bcdbd4d07bd60a89f7681fc	20	164
Board.Model.Item.ItemGray	核心棋盘/物品/订单	code/Lua/decompiled/Board/Model/Item/ItemGray.lua	code/Lua/bytecode/Board/Model/Item/ItemGray.luac	1444	0db87f46096b6b3b9341927143c0542ed35ca3cd325cd504bd89c592ce9348d0	5	32
Board.Model.Item.ItemHuntCloudKey	核心棋盘/物品/订单	code/Lua/decompiled/Board/Model/Item/ItemHuntCloudKey.lua	code/Lua/bytecode/Board/Model/Item/ItemHuntCloudKey.luac	2491	53e52e44b9b5c7752ff6c13e67cdb67c639ccde7ef1192b9b21457d7fc0acf7f	4	52
Board.Model.Item.ItemIce	核心棋盘/物品/订单	code/Lua/decompiled/Board/Model/Item/ItemIce.lua	code/Lua/bytecode/Board/Model/Item/ItemIce.luac	5194	e1b16e6306608bb6c69d19bdb6558063369e668ed5eac5ffe20eeaf6ddfa8562	14	122
Board.Model.Item.ItemMapBlocker	核心棋盘/物品/订单	code/Lua/decompiled/Board/Model/Item/ItemMapBlocker.lua	code/Lua/bytecode/Board/Model/Item/ItemMapBlocker.luac	2639	109795759001ea470f9de055cda9cdeadeda0afbf5821bc1b0695b0821115e88	8	63
Board.Model.Item.ItemModel	核心棋盘/物品/订单	code/Lua/decompiled/Board/Model/Item/ItemModel.lua	code/Lua/bytecode/Board/Model/Item/ItemModel.luac	10400	6a50700440fd434663702d1dd48570b328ca7cfdc4fdfcd82337f1841a341693	38	255
Board.Model.Item.ItemPaperBox	核心棋盘/物品/订单	code/Lua/decompiled/Board/Model/Item/ItemPaperBox.lua	code/Lua/bytecode/Board/Model/Item/ItemPaperBox.luac	1895	45a052baa8582341169964a7018dda2cd13c92cb82fdabda5f9879e2f2e9041d	5	36
Board.Model.Item.ItemPick	核心棋盘/物品/订单	code/Lua/decompiled/Board/Model/Item/ItemPick.lua	code/Lua/bytecode/Board/Model/Item/ItemPick.luac	5077	b96fe7c39a30f830dcb6e60e20f1af88ad22068531135fd3868b1578e15a6abe	10	115
Board.Model.Item.ItemPortal	核心棋盘/物品/订单	code/Lua/decompiled/Board/Model/Item/ItemPortal.lua	code/Lua/bytecode/Board/Model/Item/ItemPortal.luac	2838	6d3ed3e635b41fcf843d2a543a0d3a9c21ffe240e80d4f5807feb02ec0663066	11	65
Board.Model.Item.ItemRefreshOrder	核心棋盘/物品/订单	code/Lua/decompiled/Board/Model/Item/ItemRefreshOrder.lua	code/Lua/bytecode/Board/Model/Item/ItemRefreshOrder.luac	1614	4c190cc74faa8f66ab122b8c947a0ffc2e58293e83bee42451892fb3b5986a68	3	28
Board.Model.Item.ItemRune	核心棋盘/物品/订单	code/Lua/decompiled/Board/Model/Item/ItemRune.lua	code/Lua/bytecode/Board/Model/Item/ItemRune.luac	1545	08db7a3b6262b9044d0db65267a5a5567f773cd64e99352aec201cb5b96ac779	6	37
Board.Model.Item.ItemSand	核心棋盘/物品/订单	code/Lua/decompiled/Board/Model/Item/ItemSand.lua	code/Lua/bytecode/Board/Model/Item/ItemSand.luac	3309	b1810c6f73bec082ebde24bf2ecd05c04dc009deeb1c2fadb5b6b5887628588c	10	77
Board.Model.Item.ItemSplit	核心棋盘/物品/订单	code/Lua/decompiled/Board/Model/Item/ItemSplit.lua	code/Lua/bytecode/Board/Model/Item/ItemSplit.luac	6013	82b9cf3331aa8b93b3f115c6e70311ba2a0f2f3d53c405d5db846978b66e7607	14	149
Board.Model.Item.ItemSpread	核心棋盘/物品/订单	code/Lua/decompiled/Board/Model/Item/ItemSpread.lua	code/Lua/bytecode/Board/Model/Item/ItemSpread.luac	80958	681689227ecffc8aa967d98a051917cda1a1cbd7adf493c656b7d05e12400f47	86	1823
Board.Model.Item.ItemSticker	核心棋盘/物品/订单	code/Lua/decompiled/Board/Model/Item/ItemSticker.lua	code/Lua/bytecode/Board/Model/Item/ItemSticker.luac	7551	cac5d987789995c46d54e12547662aa88af19572da76e91dc84265cb473a3d5c	14	152
Board.Model.Item.ItemSwallow	核心棋盘/物品/订单	code/Lua/decompiled/Board/Model/Item/ItemSwallow.lua	code/Lua/bytecode/Board/Model/Item/ItemSwallow.luac	14752	50d00af241819963a9be56bf73726751a563748ce4a23858ea4cf2bda1d07622	25	335
Board.Model.Item.ItemSwallowChain	核心棋盘/物品/订单	code/Lua/decompiled/Board/Model/Item/ItemSwallowChain.lua	code/Lua/bytecode/Board/Model/Item/ItemSwallowChain.luac	4667	bc8be4e02df5263df7373db1d779eba89af241b56ae17c408c20832c7d279e21	6	96
Board.Model.Item.ItemToken	核心棋盘/物品/订单	code/Lua/decompiled/Board/Model/Item/ItemToken.lua	code/Lua/bytecode/Board/Model/Item/ItemToken.luac	5637	aa9a9df0bcde1a436017c51a7af43edf5d5c18a8a1a933b4b724240d9a052a26	14	129
Board.Model.Item.ItemTransform	核心棋盘/物品/订单	code/Lua/decompiled/Board/Model/Item/ItemTransform.lua	code/Lua/bytecode/Board/Model/Item/ItemTransform.luac	14087	ce13d5f1c0839a52412a88d85e1565bcb767ea64e9b22205ebbe632494c5f741	24	315
Board.Model.Item.ItemWheel	核心棋盘/物品/订单	code/Lua/decompiled/Board/Model/Item/ItemWheel.lua	code/Lua/bytecode/Board/Model/Item/ItemWheel.luac	1397	bc76c79fb9c4c5df3649d074f34545e52234eb71317f33cbd41c275e7c45c1ea	5	32
Board.Model.Order.BaseMainActivityOrder	核心棋盘/物品/订单	code/Lua/decompiled/Board/Model/Order/BaseMainActivityOrder.lua	code/Lua/bytecode/Board/Model/Order/BaseMainActivityOrder.luac	1098	e0e172433f18f890ff51d8de48b62ff7f66e9bab5dae3d2cbf52f75222f25c9d	3	22
Board.Model.Order.BaseOrder	核心棋盘/物品/订单	code/Lua/decompiled/Board/Model/Order/BaseOrder.lua	code/Lua/bytecode/Board/Model/Order/BaseOrder.luac	19012	7c82bc1accd7e4be47ded35c9d28685e1e8b3a09f32f5019a6acffa97907fe84	55	477
Board.Model.Order.BaseOrderModel	核心棋盘/物品/订单；合成/生成/消耗事件处理	code/Lua/decompiled/Board/Model/Order/BaseOrderModel.lua	code/Lua/bytecode/Board/Model/Order/BaseOrderModel.luac	22216	4bb9e1d6967781b70976b36abe1efdc8752635cc5b7270f10429aa88794b91bd	45	491
Board.Model.Order.ClearOrderCreator	核心棋盘/物品/订单	code/Lua/decompiled/Board/Model/Order/ClearOrderCreator.lua	code/Lua/bytecode/Board/Model/Order/ClearOrderCreator.luac	2837	5bb8de202ebe59bf08b0117f4b391a7e559e76136c43f2aa37ec735e5b7c2faf	3	62
Board.Model.Order.CurtainCallOrder	核心棋盘/物品/订单	code/Lua/decompiled/Board/Model/Order/CurtainCallOrder.lua	code/Lua/bytecode/Board/Model/Order/CurtainCallOrder.luac	10109	d5df6a48d551f9d2f40f0a9dcc7d64e4aa00dcdd131cdf90d230e5052957ccac	19	216
Board.Model.Order.CurtainCallOrderCreator	核心棋盘/物品/订单	code/Lua/decompiled/Board/Model/Order/CurtainCallOrderCreator.lua	code/Lua/bytecode/Board/Model/Order/CurtainCallOrderCreator.luac	8668	91e039d0e86e072cc1404c58576456697e60f2410c72ac3ad606842f457f07ce	3	175
Board.Model.Order.FixedOrderCreator	核心棋盘/物品/订单	code/Lua/decompiled/Board/Model/Order/FixedOrderCreator.lua	code/Lua/bytecode/Board/Model/Order/FixedOrderCreator.luac	1771	b4522423f9f5ed4c2d6ab39405d9f6a733ce0b9921c2fff1a13023793578de0e	2	36
Board.Model.Order.InsureOrderCreator	核心棋盘/物品/订单	code/Lua/decompiled/Board/Model/Order/InsureOrderCreator.lua	code/Lua/bytecode/Board/Model/Order/InsureOrderCreator.luac	7290	2ed9075cc6c71bef763d7decacce22fdffbb9133eb0e737d0f6c86318e76032e	5	153
Board.Model.Order.LaneOrderCreator	核心棋盘/物品/订单	code/Lua/decompiled/Board/Model/Order/LaneOrderCreator.lua	code/Lua/bytecode/Board/Model/Order/LaneOrderCreator.luac	8303	5df8314ed34549d5ed482e978eab9fc08334d28d352af62f706038c0cd21a60a	9	200
Board.Model.Order.LuckyStarOrderCreator	核心棋盘/物品/订单	code/Lua/decompiled/Board/Model/Order/LuckyStarOrderCreator.lua	code/Lua/bytecode/Board/Model/Order/LuckyStarOrderCreator.luac	13581	aea6083aa6eec717c4d51d61358ad4beda841eae53bf2e7e05a707d16dca3df9	13	271
Board.Model.Order.MainOrder	核心棋盘/物品/订单	code/Lua/decompiled/Board/Model/Order/MainOrder.lua	code/Lua/bytecode/Board/Model/Order/MainOrder.luac	5966	c68fa97ec9d7421dce6beb302699d2d0dc194dbd244178039f2e19e313dc1619	14	125
Board.Model.Order.MainOrderCreator	核心棋盘/物品/订单	code/Lua/decompiled/Board/Model/Order/MainOrderCreator.lua	code/Lua/bytecode/Board/Model/Order/MainOrderCreator.luac	32074	a1cfe724bdd684050c28877a657a6cf68f3a82d5aae66f9e1645d9b762602069	27	606
Board.Model.Order.MainOrderModel	核心棋盘/物品/订单；合成/生成/消耗事件处理	code/Lua/decompiled/Board/Model/Order/MainOrderModel.lua	code/Lua/bytecode/Board/Model/Order/MainOrderModel.luac	90856	f6e926c03404533e06e79cd946ac7098607e1502b98e2903d9d03c87c7254444	121	1884
Board.Model.Order.OrderConfig	核心棋盘/物品/订单	code/Lua/decompiled/Board/Model/Order/OrderConfig.lua	code/Lua/bytecode/Board/Model/Order/OrderConfig.luac	3846	da127ef055e1a61897b361eeed8a128f5a7b538a5522d2ff0bfce93a4b8acde8	6	87
Board.Model.Order.RandomOrderCreator	核心棋盘/物品/订单	code/Lua/decompiled/Board/Model/Order/RandomOrderCreator.lua	code/Lua/bytecode/Board/Model/Order/RandomOrderCreator.luac	17134	e459681e4d8216c39cfd475163c4597eb4fcb5b63bde7fd31b7b039f0becaa07	13	384
Board.Model.Order.ReturningOrderCreator	核心棋盘/物品/订单	code/Lua/decompiled/Board/Model/Order/ReturningOrderCreator.lua	code/Lua/bytecode/Board/Model/Order/ReturningOrderCreator.luac	3475	0a3f441832174d12160a4572921f9bce1f93d94d21601a257337d389e2b711c1	3	78
Board.View.Item.ItemView	核心棋盘/物品/订单	code/Lua/decompiled/Board/View/Item/ItemView.lua	code/Lua/bytecode/Board/View/Item/ItemView.luac	51489	e931a5459aa733431874565cadb7369e194c4d0021dd02b2931314577fd4d814	77	1033
Board.View.Order.OrderCell	核心棋盘/物品/订单	code/Lua/decompiled/Board/View/Order/OrderCell.lua	code/Lua/bytecode/Board/View/Order/OrderCell.luac	103367	d966cacbc5e88a5fd6e75984f9a2dd69a419c228632fe0950d4bcbcdc64c2099	123	2164
Drop.Board.Item.DropActivityBaseItem	活动棋盘及状态依赖；直接玩法方法	code/Lua/decompiled/Drop/Board/Item/DropActivityBaseItem.lua	code/Lua/bytecode/Drop/Board/Item/DropActivityBaseItem.luac	5166	d6e72d2b8b915cd4eef7e7f50b2207fd1a075787b0a8543ae20290463eef9f0a	12	128
Drop.Board.Item.DropActivityFlyItem	活动棋盘及状态依赖	code/Lua/decompiled/Drop/Board/Item/DropActivityFlyItem.lua	code/Lua/bytecode/Drop/Board/Item/DropActivityFlyItem.luac	1639	5edc574afe879dd9f42f59d0563e498739ad6c580cfdc287de49d82aa52b2c9a	3	34
Drop.Board.Item.DropActivityNormalItem	活动棋盘及状态依赖	code/Lua/decompiled/Drop/Board/Item/DropActivityNormalItem.lua	code/Lua/bytecode/Drop/Board/Item/DropActivityNormalItem.luac	431	fea451a9ad2d3d1ae57e67273fcce0e694bf0c42527bc9fc368fa47adef25852	1	6
HuntActivity.Common.Board.BoardPromptHunt	活动棋盘及状态依赖	code/Lua/decompiled/HuntActivity/Common/Board/BoardPromptHunt.lua	code/Lua/bytecode/HuntActivity/Common/Board/BoardPromptHunt.luac	30765	d0131b278647ded1afaf6cb5ac3c679558a5be04430506a95e30ea600848effe	63	705
HuntActivity.Common.Board.HuntActivityBoardModel	活动棋盘及状态依赖	code/Lua/decompiled/HuntActivity/Common/Board/HuntActivityBoardModel.lua	code/Lua/bytecode/HuntActivity/Common/Board/HuntActivityBoardModel.luac	11870	14feb8eec97fd09c90c9a9d87f8013494dccb4537ccbf2735957d5aeba3f2b65	22	252
HuntActivity.Common.Board.HuntActivityBoardView	活动棋盘及状态依赖	code/Lua/decompiled/HuntActivity/Common/Board/HuntActivityBoardView.lua	code/Lua/bytecode/HuntActivity/Common/Board/HuntActivityBoardView.luac	21987	ee61f580cb444a8ed6e1737761b63d2b34504d35d97a9a7ffa2e2bd7111a77e7	30	442
HuntActivity.Common.Board.HuntActivityItemLayerModel	活动棋盘及状态依赖	code/Lua/decompiled/HuntActivity/Common/Board/HuntActivityItemLayerModel.lua	code/Lua/bytecode/HuntActivity/Common/Board/HuntActivityItemLayerModel.luac	3664	37566f33350483c498eb6bb2f3c68360d943f34566436afcfaac3a3b9a9fa9b7	7	77
HuntActivity.Common.Board.HuntActivityItemTransformLayerModel	活动棋盘及状态依赖	code/Lua/decompiled/HuntActivity/Common/Board/HuntActivityItemTransformLayerModel.lua	code/Lua/bytecode/HuntActivity/Common/Board/HuntActivityItemTransformLayerModel.luac	4265	dd688bc17e4d78965bdd5892bb48db8674edb37171d5e35356b9586d7eb2431e	7	89
HuntActivity.Common.Board.HuntActivitySwallowLock	活动棋盘及状态依赖	code/Lua/decompiled/HuntActivity/Common/Board/HuntActivitySwallowLock.lua	code/Lua/bytecode/HuntActivity/Common/Board/HuntActivitySwallowLock.luac	12692	7d2069f24531309588d14c436fa9b52c9431ef895206b07ce57e9db870442461	13	235
HuntActivity.Common.Board.ItemHuntAnim	活动棋盘及状态依赖	code/Lua/decompiled/HuntActivity/Common/Board/ItemHuntAnim.lua	code/Lua/bytecode/HuntActivity/Common/Board/ItemHuntAnim.luac	23994	e5af1bdecd0f1fd269d419a56a405d447d7ba998dc9aa3784b3d79b53ed3060d	41	555
HuntActivity.Common.Board.ItemHuntMonster	活动棋盘及状态依赖；直接玩法方法	code/Lua/decompiled/HuntActivity/Common/Board/ItemHuntMonster.lua	code/Lua/bytecode/HuntActivity/Common/Board/ItemHuntMonster.luac	18688	de4e884f1b0d851808622095f960b281ad4c5901948046375013153acef395eb	29	410
HuntActivity.Common.Board.ItemHuntSignature	活动棋盘及状态依赖；直接玩法方法	code/Lua/decompiled/HuntActivity/Common/Board/ItemHuntSignature.lua	code/Lua/bytecode/HuntActivity/Common/Board/ItemHuntSignature.luac	9188	b9ab8e1ad4b40a24d1657bf28fd1246959f0c806b4ce77acabfd7be99e536cbc	15	215
HuntActivity.Common.Model.HuntActivityModel	活动棋盘及状态依赖；合成/生成/消耗事件处理；直接玩法方法	code/Lua/decompiled/HuntActivity/Common/Model/HuntActivityModel.lua	code/Lua/bytecode/HuntActivity/Common/Model/HuntActivityModel.luac	97226	b942c01e78e75c1d983870019da09d59eecff574c6389577da8affacebfd7860	174	2038
HuntActivity.Common.Model.HuntBookModel	活动棋盘及状态依赖	code/Lua/decompiled/HuntActivity/Common/Model/HuntBookModel.lua	code/Lua/bytecode/HuntActivity/Common/Model/HuntBookModel.luac	24915	0d2dd364460f14cf23f463a3b79d642e36cee3c45cf51a9cf8f1be6045985940	29	571
HuntActivity.Common.Model.HuntDoubleEnergy.HuntDoubleEnergyModel	活动棋盘及状态依赖	code/Lua/decompiled/HuntActivity/Common/Model/HuntDoubleEnergy/HuntDoubleEnergyModel.lua	code/Lua/bytecode/HuntActivity/Common/Model/HuntDoubleEnergy/HuntDoubleEnergyModel.luac	9882	fb26f7497bc65212b3cfb5cb38177fda9e03f211ae0cb77fa37b3d06ff2e918b	15	238
HuntMapActivity.Map.Obstacle.Logic.HuntMapBaseObstacle	活动棋盘障碍依赖	code/Lua/decompiled/HuntMapActivity/Map/Obstacle/Logic/HuntMapBaseObstacle.lua	code/Lua/bytecode/HuntMapActivity/Map/Obstacle/Logic/HuntMapBaseObstacle.luac	8222	29bf3af1549e8ea2395616b8ea96f11f5ed05aed7e8f9958cc7939b8dca07638	29	195
HuntMapActivity.Map.Obstacle.Logic.HuntMapCycleObstacle	活动棋盘障碍依赖	code/Lua/decompiled/HuntMapActivity/Map/Obstacle/Logic/HuntMapCycleObstacle.lua	code/Lua/bytecode/HuntMapActivity/Map/Obstacle/Logic/HuntMapCycleObstacle.luac	1418	c66ea30d568f8fcf53b7ec262370148ecb4453e28884b7c7d512a17a8838a24e	2	24
HuntMapActivity.Map.Obstacle.Logic.HuntMapNormalObstacle	活动棋盘障碍依赖	code/Lua/decompiled/HuntMapActivity/Map/Obstacle/Logic/HuntMapNormalObstacle.lua	code/Lua/bytecode/HuntMapActivity/Map/Obstacle/Logic/HuntMapNormalObstacle.luac	545	510b1efb9d93231fe8697eabec6ff24ec00a10e10434efe57f1239136cb0d58e	2	11
HuntMapActivity.Map.Obstacle.Logic.HuntMapResidualObstacle	活动棋盘障碍依赖	code/Lua/decompiled/HuntMapActivity/Map/Obstacle/Logic/HuntMapResidualObstacle.lua	code/Lua/bytecode/HuntMapActivity/Map/Obstacle/Logic/HuntMapResidualObstacle.luac	1545	a7e6ea26ed1f2a16bddfda8d39d7c76fc1ec579056b48b19d6e1606858a412bc	9	43
HuntMapActivity.Map.Obstacle.Logic.HuntMapTransformObstacle	活动棋盘障碍依赖	code/Lua/decompiled/HuntMapActivity/Map/Obstacle/Logic/HuntMapTransformObstacle.lua	code/Lua/bytecode/HuntMapActivity/Map/Obstacle/Logic/HuntMapTransformObstacle.luac	852	4c4dcf9bedab8e71ed83d6647bb9295f489ec3b3ddacd55b327b6eb76b680852	3	15
