module	luac_5_3_6_status	error
CloudsDash.CloudsDashDefinition	pass	
Common.GameConfig	pass	
Drop.DropDefinition	pass	
FreefallActivity.FreefallActivityDefinition	pass	
HuntActivity.HuntActivityDefinition	pass	
HuntMapActivity.HuntMapActivityDefinition	pass	
Model.ConfigModel	pass	
Model.GameModel	pass	
Model.MapDataModel	pass	
Model.OpenFunctionModel	pass	
Model.SceneManager	pass	
Model.SystemConfigModel	pass	
NoCDTrain.NoCDTrainDefinition	pass	
TempItemActivity.TempItemModel	pass	
BalloonRewardItem.Model.BalloonRewardModel	pass	
Board.Model.BoardModelHelper	pass	
Board.Model.ItemBoxSimilarUtility	pass	
Board.Model.ItemChangeHelper	pass	
Board.Model.ItemDataModel	pass	
Board.Model.ItemModelFactory	pass	
Board.Model.ItemUtility	pass	
Board.View.BaseActionBoardView	pass	
Board.View.BaseBoardView	pass	
Board.View.BaseSceneBoardView	pass	
Board.View.BaseUIBoardView	pass	
Board.View.BoardCacheRoot	pass	
Board.View.BoardPrompt	pass	
Board.View.MainBoardView	pass	
BoxItem.Model.BoxItemDefinition	pass	
BoxItem.Model.BoxItemModel	pass	
BoxItem.Model.RandomBoxData	pass	
CloudsDash.Board.CloudsDashHuntBoardModel	pass	
CloudsDash.Board.CloudsDashHuntBoardView	pass	
CloudsDash.Board.CloudsDashItemLayerModel	pass	
CloudsDash.Model.CloudsDashModel	pass	
Common.Event.EventDispatcher	pass	
Common.Event.PairEvent	pass	
Common.Utility.PlayerPrefs	pass	
Common.Utility.PositionUtil	pass	
Common.Utility.Scheduler	pass	
Common.Utility.StringUtil	pass	
Common.Utility.Table	pass	
Common.Utility.TimeUtil	pass	
Common.Utility.Vector	pass	
Drop.Board.DropActivityBoard	pass	
Drop.Board.DropActivityItemFactory	pass	
Drop.Model.DropModel	pass	
FreefallActivity.Board.BoardPromptFreefall	pass	
FreefallActivity.Board.FreefallActivityBoardModel	pass	
FreefallActivity.Board.FreefallActivityBoardView	pass	
FreefallActivity.Board.FreefallActivityItemLayerModel	pass	
FreefallActivity.Model.FreefallActivityModel	pass	
HuntMapActivity.Board.BoardPromptHuntMap	pass	
HuntMapActivity.Board.HuntMapActivityBoardModel	pass	
HuntMapActivity.Board.HuntMapActivityBoardView	pass	
HuntMapActivity.Board.HuntMapActivityItemLayerModel	pass	
HuntMapActivity.Model.HuntMapActivityMapModel	pass	
HuntMapActivity.Model.HuntMapActivityModel	pass	
HuntMapActivity.Model.HuntMapActivityTaskModel	pass	
LuckyProduce.Model.LuckyProduceModel	pass	
Model.Activity.ActivityManager	pass	
Model.Activity.ActivityTokenHelper	pass	
Model.Activity.BaseActivityModel	pass	
Model.DB.DBIdGenerator	pass	
Model.DB.DBTable	pass	
Model.DB.DBTableManager	pass	
Model.DB.DatabaseModel	pass	
Model.PropItem.PropItemAccelerator	pass	
Model.PropItem.PropItemBase	pass	
Model.PropItem.PropItemEnergy4x	pass	
Model.PropItem.PropItemExtraOrder	pass	
Model.PropItem.PropItemInstance	pass	
Model.PropItem.PropItemManager	pass	
Model.Sync.SyncModel	pass	
Model.Tutorial.TutorialHelper	pass	
Model.Tutorial.TutorialModel	pass	
Model.UserData.EnergyModel	pass	
Model.UserData.LevelModel	pass	
Model.UserData.MiscModel	pass	
Model.UserData.ModelHelper	pass	
Model.UserData.PropertyDataManager	pass	
Model.UserData.RewardApi	pass	
Model.UserData.UserModel	pass	
NoCDTrain.Board.NoCDTrainBoardModel	pass	
NoCDTrain.Board.NoCDTrainBoardView	pass	
NoCDTrain.Board.NoCDTrainItemLayerModel	pass	
NoCDTrain.Model.NoCDTrainModel	pass	
UI.Button.InventoryButton	pass	
WheelItem.Model.WheelItemData	pass	
WheelItem.Model.WheelItemModel	pass	
Board.Model.Base.BoardPosition	pass	
Board.Model.Base.Matrix	pass	
Board.Model.Board.BaseActionBoardModel	pass	
Board.Model.Board.BaseBoardModel	pass	
Board.Model.Board.BaseItemLayerModel	pass	
Board.Model.Board.BaseSceneBoardModel	pass	
Board.Model.Board.BaseUIBoardItemLayerModel	pass	
Board.Model.Board.BaseUIBoardModel	pass	
Board.Model.Board.BoardDefinition	pass	
Board.Model.Board.ItemCacheModel	pass	
Board.Model.Board.ItemChainHelper	pass	
Board.Model.Board.ItemFixedSpreadModel	pass	
Board.Model.Board.ItemLuckySpreadModel	pass	
Board.Model.Board.ItemManager	pass	
Board.Model.Board.ItemSpreadHelper	pass	
Board.Model.Board.ItemStoreModel	pass	
Board.Model.Board.MainBoardModel	pass	
Board.Model.Board.SceneItemLayerModel	pass	
Board.Model.Item.BaseItemComponent	pass	
Board.Model.Item.ItemBattery	pass	
Board.Model.Item.ItemBroom	pass	
Board.Model.Item.ItemBubble	pass	
Board.Model.Item.ItemCharge	pass	
Board.Model.Item.ItemChoose	pass	
Board.Model.Item.ItemCobweb	pass	
Board.Model.Item.ItemCollectable	pass	
Board.Model.Item.ItemDefinition	pass	
Board.Model.Item.ItemDig	pass	
Board.Model.Item.ItemExtraSpread	pass	
Board.Model.Item.ItemFall	pass	
Board.Model.Item.ItemFreefallBoss	pass	
Board.Model.Item.ItemGray	pass	
Board.Model.Item.ItemHuntCloudKey	pass	
Board.Model.Item.ItemIce	pass	
Board.Model.Item.ItemMapBlocker	pass	
Board.Model.Item.ItemModel	pass	
Board.Model.Item.ItemPaperBox	pass	
Board.Model.Item.ItemPick	pass	
Board.Model.Item.ItemPortal	pass	
Board.Model.Item.ItemRefreshOrder	pass	
Board.Model.Item.ItemRune	pass	
Board.Model.Item.ItemSand	pass	
Board.Model.Item.ItemSplit	pass	
Board.Model.Item.ItemSpread	pass	
Board.Model.Item.ItemSticker	pass	
Board.Model.Item.ItemSwallow	pass	
Board.Model.Item.ItemSwallowChain	pass	
Board.Model.Item.ItemToken	pass	
Board.Model.Item.ItemTransform	pass	
Board.Model.Item.ItemWheel	pass	
Board.Model.Order.BaseMainActivityOrder	pass	
Board.Model.Order.BaseOrder	pass	
Board.Model.Order.BaseOrderModel	pass	
Board.Model.Order.ClearOrderCreator	pass	
Board.Model.Order.CurtainCallOrder	pass	
Board.Model.Order.CurtainCallOrderCreator	pass	
Board.Model.Order.FixedOrderCreator	pass	
Board.Model.Order.InsureOrderCreator	pass	
Board.Model.Order.LaneOrderCreator	pass	
Board.Model.Order.LuckyStarOrderCreator	pass	
Board.Model.Order.MainOrder	pass	
Board.Model.Order.MainOrderCreator	pass	
Board.Model.Order.MainOrderModel	pass	
Board.Model.Order.OrderConfig	pass	
Board.Model.Order.RandomOrderCreator	pass	
Board.Model.Order.ReturningOrderCreator	pass	
Board.View.Item.ItemView	pass	
Board.View.Order.OrderCell	pass	
Drop.Board.Item.DropActivityBaseItem	pass	
Drop.Board.Item.DropActivityFlyItem	pass	
Drop.Board.Item.DropActivityNormalItem	pass	
HuntActivity.Common.Board.BoardPromptHunt	pass	
HuntActivity.Common.Board.HuntActivityBoardModel	pass	
HuntActivity.Common.Board.HuntActivityBoardView	pass	
HuntActivity.Common.Board.HuntActivityItemLayerModel	pass	
HuntActivity.Common.Board.HuntActivityItemTransformLayerModel	pass	
HuntActivity.Common.Board.HuntActivitySwallowLock	pass	
HuntActivity.Common.Board.ItemHuntAnim	pass	
HuntActivity.Common.Board.ItemHuntMonster	pass	
HuntActivity.Common.Board.ItemHuntSignature	pass	
HuntActivity.Common.Model.HuntActivityModel	pass	
HuntActivity.Common.Model.HuntBookModel	pass	
HuntActivity.Common.Model.HuntDoubleEnergy.HuntDoubleEnergyModel	pass	
HuntMapActivity.Map.Obstacle.Logic.HuntMapBaseObstacle	pass	
HuntMapActivity.Map.Obstacle.Logic.HuntMapCycleObstacle	pass	
HuntMapActivity.Map.Obstacle.Logic.HuntMapNormalObstacle	pass	
HuntMapActivity.Map.Obstacle.Logic.HuntMapResidualObstacle	pass	
HuntMapActivity.Map.Obstacle.Logic.HuntMapTransformObstacle	pass	
