file	sha256	source
code/Lua/bytecode/BalloonRewardItem/Model/BalloonRewardModel.luac	a70f3bce1ab7ecea2cc53a6889f6af1c7139573fb5986b8222bb854f472c6bdc	XOR-decoded original Lua 5.3 bytecode
code/Lua/bytecode/Board/Model/Base/BoardPosition.luac	75a8833511e01934611c0ef4ec45508991f37e418ccd699aa15f044de81decd5	XOR-decoded original Lua 5.3 bytecode
code/Lua/bytecode/Board/Model/Base/Matrix.luac	ee602fb22362ffc9ca05efd571dce1d067e7069954a628a2c8464b47256714eb	XOR-decoded original Lua 5.3 bytecode
code/Lua/bytecode/Board/Model/Board/BaseActionBoardModel.luac	f46859aee08b5aceb663d4537efcf7f1f34f491f3cdb9b7ebe35d098ffdd1866	XOR-decoded original Lua 5.3 bytecode
code/Lua/bytecode/Board/Model/Board/BaseBoardModel.luac	b3396edad58fb8e107e98e12731d779b647e7c9986a65e665bc3987dc51ea335	XOR-decoded original Lua 5.3 bytecode
code/Lua/bytecode/Board/Model/Board/BaseItemLayerModel.luac	43402243d046b3c230293c61833c052845dc1142669e7b5dbbe936ef37ba0bfe	XOR-decoded original Lua 5.3 bytecode
code/Lua/bytecode/Board/Model/Board/BaseSceneBoardModel.luac	a6bec124aa945d0a0a9f8fbe458c11d6707ae74a4dd674a4cdd864d74e7d67ce	XOR-decoded original Lua 5.3 bytecode
code/Lua/bytecode/Board/Model/Board/BaseUIBoardItemLayerModel.luac	85ccf5af118a2b89723d87e5ac7c68e4945089912e572103e226b6a884549e47	XOR-decoded original Lua 5.3 bytecode
code/Lua/bytecode/Board/Model/Board/BaseUIBoardModel.luac	ec5f184a3760487d7dd0a3b0b35f78e475d3fb4dd50ea6d2fb058cf26069e09e	XOR-decoded original Lua 5.3 bytecode
code/Lua/bytecode/Board/Model/Board/BoardDefinition.luac	1c2d4cb0f3617847162554fa6458467f82f87aacd0eb2a180ffbd94cfe6adf99	XOR-decoded original Lua 5.3 bytecode
code/Lua/bytecode/Board/Model/Board/ItemCacheModel.luac	fce044727edf6db5d81600a0f79274a9db8e5d7edfed646022d863843bd67544	XOR-decoded original Lua 5.3 bytecode
code/Lua/bytecode/Board/Model/Board/ItemChainHelper.luac	bd081350aa2f6cc5b86460d2cc281cdadb7d2b60004a6a9d2e847709d5976c5f	XOR-decoded original Lua 5.3 bytecode
code/Lua/bytecode/Board/Model/Board/ItemFixedSpreadModel.luac	9755a8dd8ef7e15e9dcc29ed93a8edcadc97f2ea857aa8e2518f212b0cd500ec	XOR-decoded original Lua 5.3 bytecode
code/Lua/bytecode/Board/Model/Board/ItemLuckySpreadModel.luac	6be5cf032281a6bceb2fcec84f66e19ca60757bfd220e62dadd47fbf3ab523d5	XOR-decoded original Lua 5.3 bytecode
code/Lua/bytecode/Board/Model/Board/ItemManager.luac	f43ee296cc66e207805098cba4932120153ec0a1869d48ecca2ca0967022764e	XOR-decoded original Lua 5.3 bytecode
code/Lua/bytecode/Board/Model/Board/ItemSpreadHelper.luac	f707553fb24f14d95d4af953a1b413303354e38e716c4b87a8d6fbd016be19ab	XOR-decoded original Lua 5.3 bytecode
code/Lua/bytecode/Board/Model/Board/ItemStoreModel.luac	d8d9e0bda947d3369cfa9f31b098488524ca9c24d51393e798b1f79abadde599	XOR-decoded original Lua 5.3 bytecode
code/Lua/bytecode/Board/Model/Board/MainBoardModel.luac	9ac0fda3f5b39d5532d24374452dc51b9cb337b7ad979c2387c46e769b87b305	XOR-decoded original Lua 5.3 bytecode
code/Lua/bytecode/Board/Model/Board/SceneItemLayerModel.luac	e4f4daa17ac7c61ee243c24503108007ca72f7cfc024ba9120121adf326ac72b	XOR-decoded original Lua 5.3 bytecode
code/Lua/bytecode/Board/Model/BoardModelHelper.luac	3bdd694ced2394b93a996eec73e8f0078cd17c2248d3e98fd2f46efaafc4e7c3	XOR-decoded original Lua 5.3 bytecode
code/Lua/bytecode/Board/Model/Item/BaseItemComponent.luac	9d187a8a6aab526e04a9764b25d5c2e6e22bf777e543f5df7d9f32015dfacea6	XOR-decoded original Lua 5.3 bytecode
code/Lua/bytecode/Board/Model/Item/ItemBattery.luac	94aa22b078245a01f2572e950e7a490dca15099871864c81ce52714af0d58640	XOR-decoded original Lua 5.3 bytecode
code/Lua/bytecode/Board/Model/Item/ItemBroom.luac	3ddc74b9f0efb929b33c999842f1047f3c097fa932dc80959bd80c0c6336274d	XOR-decoded original Lua 5.3 bytecode
code/Lua/bytecode/Board/Model/Item/ItemBubble.luac	ec4d1e2363432e8a1c59089bc0c982ca9675b33c3308670829773a48eec08930	XOR-decoded original Lua 5.3 bytecode
code/Lua/bytecode/Board/Model/Item/ItemCharge.luac	7b1a723b4e1f212f01c1514b37e564bf4d3a1c69dbc0e1d592d62303a53b9e74	XOR-decoded original Lua 5.3 bytecode
code/Lua/bytecode/Board/Model/Item/ItemChoose.luac	10c1466faec14d334e9e79d1693532bb14ec6570723743cb2c8b36217e0200f9	XOR-decoded original Lua 5.3 bytecode
code/Lua/bytecode/Board/Model/Item/ItemCobweb.luac	b9fded52427b574b8f40b2b7bceb2c04dfd23101ad7f392c1a57b7a4be640b90	XOR-decoded original Lua 5.3 bytecode
code/Lua/bytecode/Board/Model/Item/ItemCollectable.luac	6d0c28225860854cbbe4f9ef370dbe1eaee5d3fad5ce9c5574715e76f4a163ed	XOR-decoded original Lua 5.3 bytecode
code/Lua/bytecode/Board/Model/Item/ItemDefinition.luac	811c374dc88a513fc218f137123d71ed36fdc49273f405b8b34e15b75a3ef3fb	XOR-decoded original Lua 5.3 bytecode
code/Lua/bytecode/Board/Model/Item/ItemDig.luac	a77151575e64c8a1693104e04305903f9ad37dccf4b6b5c18057036c53b90946	XOR-decoded original Lua 5.3 bytecode
code/Lua/bytecode/Board/Model/Item/ItemExtraSpread.luac	dade6f4954ee8f50efb8ef3828852981cfd0a987fc9487e38bde9ed75e7874fe	XOR-decoded original Lua 5.3 bytecode
code/Lua/bytecode/Board/Model/Item/ItemFall.luac	71dbfb50d60f8df35a7c6a23d79999c1aebbdc22c01a8830fe895c4da099acb4	XOR-decoded original Lua 5.3 bytecode
code/Lua/bytecode/Board/Model/Item/ItemFreefallBoss.luac	74eb4a6b50f95c9b9902d480c05e65a76e55eaff8bcdbd4d07bd60a89f7681fc	XOR-decoded original Lua 5.3 bytecode
code/Lua/bytecode/Board/Model/Item/ItemGray.luac	0db87f46096b6b3b9341927143c0542ed35ca3cd325cd504bd89c592ce9348d0	XOR-decoded original Lua 5.3 bytecode
code/Lua/bytecode/Board/Model/Item/ItemHuntCloudKey.luac	53e52e44b9b5c7752ff6c13e67cdb67c639ccde7ef1192b9b21457d7fc0acf7f	XOR-decoded original Lua 5.3 bytecode
code/Lua/bytecode/Board/Model/Item/ItemIce.luac	e1b16e6306608bb6c69d19bdb6558063369e668ed5eac5ffe20eeaf6ddfa8562	XOR-decoded original Lua 5.3 bytecode
code/Lua/bytecode/Board/Model/Item/ItemMapBlocker.luac	109795759001ea470f9de055cda9cdeadeda0afbf5821bc1b0695b0821115e88	XOR-decoded original Lua 5.3 bytecode
code/Lua/bytecode/Board/Model/Item/ItemModel.luac	6a50700440fd434663702d1dd48570b328ca7cfdc4fdfcd82337f1841a341693	XOR-decoded original Lua 5.3 bytecode
code/Lua/bytecode/Board/Model/Item/ItemPaperBox.luac	45a052baa8582341169964a7018dda2cd13c92cb82fdabda5f9879e2f2e9041d	XOR-decoded original Lua 5.3 bytecode
code/Lua/bytecode/Board/Model/Item/ItemPick.luac	b96fe7c39a30f830dcb6e60e20f1af88ad22068531135fd3868b1578e15a6abe	XOR-decoded original Lua 5.3 bytecode
code/Lua/bytecode/Board/Model/Item/ItemPortal.luac	6d3ed3e635b41fcf843d2a543a0d3a9c21ffe240e80d4f5807feb02ec0663066	XOR-decoded original Lua 5.3 bytecode
code/Lua/bytecode/Board/Model/Item/ItemRefreshOrder.luac	4c190cc74faa8f66ab122b8c947a0ffc2e58293e83bee42451892fb3b5986a68	XOR-decoded original Lua 5.3 bytecode
code/Lua/bytecode/Board/Model/Item/ItemRune.luac	08db7a3b6262b9044d0db65267a5a5567f773cd64e99352aec201cb5b96ac779	XOR-decoded original Lua 5.3 bytecode
code/Lua/bytecode/Board/Model/Item/ItemSand.luac	b1810c6f73bec082ebde24bf2ecd05c04dc009deeb1c2fadb5b6b5887628588c	XOR-decoded original Lua 5.3 bytecode
code/Lua/bytecode/Board/Model/Item/ItemSplit.luac	82b9cf3331aa8b93b3f115c6e70311ba2a0f2f3d53c405d5db846978b66e7607	XOR-decoded original Lua 5.3 bytecode
code/Lua/bytecode/Board/Model/Item/ItemSpread.luac	681689227ecffc8aa967d98a051917cda1a1cbd7adf493c656b7d05e12400f47	XOR-decoded original Lua 5.3 bytecode
code/Lua/bytecode/Board/Model/Item/ItemSticker.luac	cac5d987789995c46d54e12547662aa88af19572da76e91dc84265cb473a3d5c	XOR-decoded original Lua 5.3 bytecode
code/Lua/bytecode/Board/Model/Item/ItemSwallow.luac	50d00af241819963a9be56bf73726751a563748ce4a23858ea4cf2bda1d07622	XOR-decoded original Lua 5.3 bytecode
code/Lua/bytecode/Board/Model/Item/ItemSwallowChain.luac	bc8be4e02df5263df7373db1d779eba89af241b56ae17c408c20832c7d279e21	XOR-decoded original Lua 5.3 bytecode
code/Lua/bytecode/Board/Model/Item/ItemToken.luac	aa9a9df0bcde1a436017c51a7af43edf5d5c18a8a1a933b4b724240d9a052a26	XOR-decoded original Lua 5.3 bytecode
code/Lua/bytecode/Board/Model/Item/ItemTransform.luac	ce13d5f1c0839a52412a88d85e1565bcb767ea64e9b22205ebbe632494c5f741	XOR-decoded original Lua 5.3 bytecode
code/Lua/bytecode/Board/Model/Item/ItemWheel.luac	bc76c79fb9c4c5df3649d074f34545e52234eb71317f33cbd41c275e7c45c1ea	XOR-decoded original Lua 5.3 bytecode
code/Lua/bytecode/Board/Model/ItemBoxSimilarUtility.luac	89f1d14662ca87ac24c4b806845cfe2cc590125e1f13b61b38bcf01339b8601d	XOR-decoded original Lua 5.3 bytecode
code/Lua/bytecode/Board/Model/ItemChangeHelper.luac	294a2239c52dc952559d3b57b96bf00e183dd0549a933ee7458690702deaf7fd	XOR-decoded original Lua 5.3 bytecode
code/Lua/bytecode/Board/Model/ItemDataModel.luac	a861ab525cef646d6c7626b85d3e16f69db8661153a5c873ff9c1802ec899c9a	XOR-decoded original Lua 5.3 bytecode
code/Lua/bytecode/Board/Model/ItemModelFactory.luac	3b274685069e96afc5716394355a3c3f140b0e9318106ac7d3758ded769a8919	XOR-decoded original Lua 5.3 bytecode
code/Lua/bytecode/Board/Model/ItemUtility.luac	d83d2b7a8015c9de02548a468297c0b7caca638cd381f8c7b0d15b32836b8971	XOR-decoded original Lua 5.3 bytecode
code/Lua/bytecode/Board/Model/Order/BaseMainActivityOrder.luac	e0e172433f18f890ff51d8de48b62ff7f66e9bab5dae3d2cbf52f75222f25c9d	XOR-decoded original Lua 5.3 bytecode
code/Lua/bytecode/Board/Model/Order/BaseOrder.luac	7c82bc1accd7e4be47ded35c9d28685e1e8b3a09f32f5019a6acffa97907fe84	XOR-decoded original Lua 5.3 bytecode
code/Lua/bytecode/Board/Model/Order/BaseOrderModel.luac	4bb9e1d6967781b70976b36abe1efdc8752635cc5b7270f10429aa88794b91bd	XOR-decoded original Lua 5.3 bytecode
code/Lua/bytecode/Board/Model/Order/ClearOrderCreator.luac	5bb8de202ebe59bf08b0117f4b391a7e559e76136c43f2aa37ec735e5b7c2faf	XOR-decoded original Lua 5.3 bytecode
code/Lua/bytecode/Board/Model/Order/CurtainCallOrder.luac	d5df6a48d551f9d2f40f0a9dcc7d64e4aa00dcdd131cdf90d230e5052957ccac	XOR-decoded original Lua 5.3 bytecode
code/Lua/bytecode/Board/Model/Order/CurtainCallOrderCreator.luac	91e039d0e86e072cc1404c58576456697e60f2410c72ac3ad606842f457f07ce	XOR-decoded original Lua 5.3 bytecode
code/Lua/bytecode/Board/Model/Order/FixedOrderCreator.luac	b4522423f9f5ed4c2d6ab39405d9f6a733ce0b9921c2fff1a13023793578de0e	XOR-decoded original Lua 5.3 bytecode
code/Lua/bytecode/Board/Model/Order/InsureOrderCreator.luac	2ed9075cc6c71bef763d7decacce22fdffbb9133eb0e737d0f6c86318e76032e	XOR-decoded original Lua 5.3 bytecode
code/Lua/bytecode/Board/Model/Order/LaneOrderCreator.luac	5df8314ed34549d5ed482e978eab9fc08334d28d352af62f706038c0cd21a60a	XOR-decoded original Lua 5.3 bytecode
code/Lua/bytecode/Board/Model/Order/LuckyStarOrderCreator.luac	aea6083aa6eec717c4d51d61358ad4beda841eae53bf2e7e05a707d16dca3df9	XOR-decoded original Lua 5.3 bytecode
code/Lua/bytecode/Board/Model/Order/MainOrder.luac	c68fa97ec9d7421dce6beb302699d2d0dc194dbd244178039f2e19e313dc1619	XOR-decoded original Lua 5.3 bytecode
code/Lua/bytecode/Board/Model/Order/MainOrderCreator.luac	a1cfe724bdd684050c28877a657a6cf68f3a82d5aae66f9e1645d9b762602069	XOR-decoded original Lua 5.3 bytecode
code/Lua/bytecode/Board/Model/Order/MainOrderModel.luac	f6e926c03404533e06e79cd946ac7098607e1502b98e2903d9d03c87c7254444	XOR-decoded original Lua 5.3 bytecode
code/Lua/bytecode/Board/Model/Order/OrderConfig.luac	da127ef055e1a61897b361eeed8a128f5a7b538a5522d2ff0bfce93a4b8acde8	XOR-decoded original Lua 5.3 bytecode
code/Lua/bytecode/Board/Model/Order/RandomOrderCreator.luac	e459681e4d8216c39cfd475163c4597eb4fcb5b63bde7fd31b7b039f0becaa07	XOR-decoded original Lua 5.3 bytecode
code/Lua/bytecode/Board/Model/Order/ReturningOrderCreator.luac	0a3f441832174d12160a4572921f9bce1f93d94d21601a257337d389e2b711c1	XOR-decoded original Lua 5.3 bytecode
code/Lua/bytecode/Board/View/BaseActionBoardView.luac	b33193c1c7e91de8da82e7e605fc5d44c665bc8fb84864ad45e79e319a1ca3b7	XOR-decoded original Lua 5.3 bytecode
code/Lua/bytecode/Board/View/BaseBoardView.luac	f3b7a877bb8e79518ff8cca3350f3a0991236b10dd8c4611ce035f01fc1daffc	XOR-decoded original Lua 5.3 bytecode
code/Lua/bytecode/Board/View/BaseSceneBoardView.luac	a123a7e3b14f5e65f118a3063fc8c61f34a1e3570baaa44d602e30b5e58ac3fb	XOR-decoded original Lua 5.3 bytecode
code/Lua/bytecode/Board/View/BaseUIBoardView.luac	d4f190e77269995cf310bac8248edec14507d88266d7bd52485a27fb14f5c6f7	XOR-decoded original Lua 5.3 bytecode
code/Lua/bytecode/Board/View/BoardCacheRoot.luac	9931d0aea0ed7a90c6579dc02c98e0fa4202100858b01b2e00aa7283b4b239c0	XOR-decoded original Lua 5.3 bytecode
code/Lua/bytecode/Board/View/BoardPrompt.luac	48057116d49cf0f6f89943ac1b1d37e5a3a62aca0241525379575f5b1d888ee9	XOR-decoded original Lua 5.3 bytecode
code/Lua/bytecode/Board/View/Item/ItemView.luac	e931a5459aa733431874565cadb7369e194c4d0021dd02b2931314577fd4d814	XOR-decoded original Lua 5.3 bytecode
code/Lua/bytecode/Board/View/MainBoardView.luac	b021a3e2af3e42f32abd5f74fdcb392fe12b46289bb326e22bf01cb0156a613e	XOR-decoded original Lua 5.3 bytecode
code/Lua/bytecode/Board/View/Order/OrderCell.luac	d966cacbc5e88a5fd6e75984f9a2dd69a419c228632fe0950d4bcbcdc64c2099	XOR-decoded original Lua 5.3 bytecode
code/Lua/bytecode/BoxItem/Model/BoxItemDefinition.luac	63c19cc2dbf8544c753b8f70593d074e229b7487516a58ef6b91ee5c1c62c41d	XOR-decoded original Lua 5.3 bytecode
code/Lua/bytecode/BoxItem/Model/BoxItemModel.luac	425824485bc5c8e420705a850455dabb73f2f82645d2c2b18361617a21879743	XOR-decoded original Lua 5.3 bytecode
code/Lua/bytecode/BoxItem/Model/RandomBoxData.luac	0dbf5c392ff72a12d58ea0ba470afa2b7e77a03eeddf971459c5175a72824aa0	XOR-decoded original Lua 5.3 bytecode
code/Lua/bytecode/CloudsDash/Board/CloudsDashHuntBoardModel.luac	2a68490b6ee10deb605955172c568519783d7753f5eacb85f5838de8d0cbd2fb	XOR-decoded original Lua 5.3 bytecode
code/Lua/bytecode/CloudsDash/Board/CloudsDashHuntBoardView.luac	945542af2d29c773922c7aed612feb9f257d350499db9de559e917ecfe6aa9f8	XOR-decoded original Lua 5.3 bytecode
code/Lua/bytecode/CloudsDash/Board/CloudsDashItemLayerModel.luac	c852db685376d9cf2f96d7e8ed13a225effc91a400e0756023ce3c92557ce076	XOR-decoded original Lua 5.3 bytecode
code/Lua/bytecode/CloudsDash/CloudsDashDefinition.luac	a4bede8a23355f9eed038486dc685f798ebb50fafefc230b2770e169d37aefe9	XOR-decoded original Lua 5.3 bytecode
code/Lua/bytecode/CloudsDash/Model/CloudsDashModel.luac	db06189310a4eec24078ae3051a724532104d98bfd2d0cc87b813dd08662a173	XOR-decoded original Lua 5.3 bytecode
code/Lua/bytecode/Common/Event/EventDispatcher.luac	dd24991e21c0901f226b08671dfbfe4a4c5ad97c7c2bbbf35a0fcbea47d21077	XOR-decoded original Lua 5.3 bytecode
code/Lua/bytecode/Common/Event/PairEvent.luac	a89dd7f6ba63f8175f65c31f8793cc8b3b010d4f6297cde17a079c2708e4e324	XOR-decoded original Lua 5.3 bytecode
code/Lua/bytecode/Common/GameConfig.luac	33f4690136b9a6b9fd136e1bf48b2b65d763fcc260add8ea549132b8f3641829	XOR-decoded original Lua 5.3 bytecode
code/Lua/bytecode/Common/Utility/PlayerPrefs.luac	64a88ed1f910f760783b9655c8f35bfe945964c6dd0df7a5d5e3e1d9cb8f4233	XOR-decoded original Lua 5.3 bytecode
code/Lua/bytecode/Common/Utility/PositionUtil.luac	c7c614ec6c43b6fe7bd53899be7060ac1ef777a366589339c6838e017584d603	XOR-decoded original Lua 5.3 bytecode
code/Lua/bytecode/Common/Utility/Scheduler.luac	462afe321b64eebd2561a2687ea58f5db0f29bb70aa6b994855ec4ee2c7e14ce	XOR-decoded original Lua 5.3 bytecode
code/Lua/bytecode/Common/Utility/StringUtil.luac	c17dc4b0dab04eda5fa85187f11c53979e4326ade6a58bfcf118089f17adbee8	XOR-decoded original Lua 5.3 bytecode
code/Lua/bytecode/Common/Utility/Table.luac	c840e808b215e01fc3c16e6e488d197d562a3834d65e8870f0732c04d5475d3d	XOR-decoded original Lua 5.3 bytecode
code/Lua/bytecode/Common/Utility/TimeUtil.luac	d7ab0046f29052125c9dc101b2974ae15e831c880e2596a4cb976a33af9e66c2	XOR-decoded original Lua 5.3 bytecode
code/Lua/bytecode/Common/Utility/Vector.luac	83c25f93e6ffd7382bc8ecea471223b2b7b0206568e340b1218a2531c487b41f	XOR-decoded original Lua 5.3 bytecode
code/Lua/bytecode/Drop/Board/DropActivityBoard.luac	489eaf86740a09d9479f518f7a5da358e65057fce419d4fab68e9a7f522523a1	XOR-decoded original Lua 5.3 bytecode
code/Lua/bytecode/Drop/Board/DropActivityItemFactory.luac	1f68aeeebcd0c28718b5261cc2d1b477208267f073096a1854d7899a0aea8137	XOR-decoded original Lua 5.3 bytecode
code/Lua/bytecode/Drop/Board/Item/DropActivityBaseItem.luac	d6e72d2b8b915cd4eef7e7f50b2207fd1a075787b0a8543ae20290463eef9f0a	XOR-decoded original Lua 5.3 bytecode
code/Lua/bytecode/Drop/Board/Item/DropActivityFlyItem.luac	5edc574afe879dd9f42f59d0563e498739ad6c580cfdc287de49d82aa52b2c9a	XOR-decoded original Lua 5.3 bytecode
code/Lua/bytecode/Drop/Board/Item/DropActivityNormalItem.luac	fea451a9ad2d3d1ae57e67273fcce0e694bf0c42527bc9fc368fa47adef25852	XOR-decoded original Lua 5.3 bytecode
code/Lua/bytecode/Drop/DropDefinition.luac	be382837a621f8f30539ae34c92d05ff35845f3cc97e9dfa5e3f7f2129dba3c0	XOR-decoded original Lua 5.3 bytecode
code/Lua/bytecode/Drop/Model/DropModel.luac	570082b056d1258d4cd5abd66aa950c572ef2edbe2aa141eb548a3c1652d15fc	XOR-decoded original Lua 5.3 bytecode
code/Lua/bytecode/FreefallActivity/Board/BoardPromptFreefall.luac	bee734666ff9c58d460af04d8284476fb40dc41fcea765e04b75a8c8440c8d69	XOR-decoded original Lua 5.3 bytecode
code/Lua/bytecode/FreefallActivity/Board/FreefallActivityBoardModel.luac	74a1f683c88819d18793cbe4b4717c8b9f52a65a2b9044816f78f2d7145db4a6	XOR-decoded original Lua 5.3 bytecode
code/Lua/bytecode/FreefallActivity/Board/FreefallActivityBoardView.luac	1e6640f168d321aa1bc51d22384ae997d750ad6a1dc9bfcadfc5f8662cfea022	XOR-decoded original Lua 5.3 bytecode
code/Lua/bytecode/FreefallActivity/Board/FreefallActivityItemLayerModel.luac	3f40832cb0beb1281aae522a58ee50ec8eeb9e559e0b8288834d95bce37cde86	XOR-decoded original Lua 5.3 bytecode
code/Lua/bytecode/FreefallActivity/FreefallActivityDefinition.luac	9ad253159241ae1e7dc4b2ac8abfa9f550e35742658acfc26d62ad1f383082bb	XOR-decoded original Lua 5.3 bytecode
code/Lua/bytecode/FreefallActivity/Model/FreefallActivityModel.luac	120bed1775bd8b281a422f8b542b9b961300e5205b7002180e5bb0eb819285a1	XOR-decoded original Lua 5.3 bytecode
code/Lua/bytecode/HuntActivity/Common/Board/BoardPromptHunt.luac	d0131b278647ded1afaf6cb5ac3c679558a5be04430506a95e30ea600848effe	XOR-decoded original Lua 5.3 bytecode
code/Lua/bytecode/HuntActivity/Common/Board/HuntActivityBoardModel.luac	14feb8eec97fd09c90c9a9d87f8013494dccb4537ccbf2735957d5aeba3f2b65	XOR-decoded original Lua 5.3 bytecode
code/Lua/bytecode/HuntActivity/Common/Board/HuntActivityBoardView.luac	ee61f580cb444a8ed6e1737761b63d2b34504d35d97a9a7ffa2e2bd7111a77e7	XOR-decoded original Lua 5.3 bytecode
code/Lua/bytecode/HuntActivity/Common/Board/HuntActivityItemLayerModel.luac	37566f33350483c498eb6bb2f3c68360d943f34566436afcfaac3a3b9a9fa9b7	XOR-decoded original Lua 5.3 bytecode
code/Lua/bytecode/HuntActivity/Common/Board/HuntActivityItemTransformLayerModel.luac	dd688bc17e4d78965bdd5892bb48db8674edb37171d5e35356b9586d7eb2431e	XOR-decoded original Lua 5.3 bytecode
code/Lua/bytecode/HuntActivity/Common/Board/HuntActivitySwallowLock.luac	7d2069f24531309588d14c436fa9b52c9431ef895206b07ce57e9db870442461	XOR-decoded original Lua 5.3 bytecode
code/Lua/bytecode/HuntActivity/Common/Board/ItemHuntAnim.luac	e5af1bdecd0f1fd269d419a56a405d447d7ba998dc9aa3784b3d79b53ed3060d	XOR-decoded original Lua 5.3 bytecode
code/Lua/bytecode/HuntActivity/Common/Board/ItemHuntMonster.luac	de4e884f1b0d851808622095f960b281ad4c5901948046375013153acef395eb	XOR-decoded original Lua 5.3 bytecode
code/Lua/bytecode/HuntActivity/Common/Board/ItemHuntSignature.luac	b9ab8e1ad4b40a24d1657bf28fd1246959f0c806b4ce77acabfd7be99e536cbc	XOR-decoded original Lua 5.3 bytecode
code/Lua/bytecode/HuntActivity/Common/Model/HuntActivityModel.luac	b942c01e78e75c1d983870019da09d59eecff574c6389577da8affacebfd7860	XOR-decoded original Lua 5.3 bytecode
code/Lua/bytecode/HuntActivity/Common/Model/HuntBookModel.luac	0d2dd364460f14cf23f463a3b79d642e36cee3c45cf51a9cf8f1be6045985940	XOR-decoded original Lua 5.3 bytecode
code/Lua/bytecode/HuntActivity/Common/Model/HuntDoubleEnergy/HuntDoubleEnergyModel.luac	fb26f7497bc65212b3cfb5cb38177fda9e03f211ae0cb77fa37b3d06ff2e918b	XOR-decoded original Lua 5.3 bytecode
code/Lua/bytecode/HuntActivity/HuntActivityDefinition.luac	75258050de0723370553ea637382d70fb9562db6e06cd7029fc909910d4c58f9	XOR-decoded original Lua 5.3 bytecode
code/Lua/bytecode/HuntMapActivity/Board/BoardPromptHuntMap.luac	4dfcba0c10f06a301d829241789add493496b7208a962b738ae752b4c9755351	XOR-decoded original Lua 5.3 bytecode
code/Lua/bytecode/HuntMapActivity/Board/HuntMapActivityBoardModel.luac	6e3f6eea923481727893b379435ab2a46afda5c5096f94330fb9e9ec1f02fde6	XOR-decoded original Lua 5.3 bytecode
code/Lua/bytecode/HuntMapActivity/Board/HuntMapActivityBoardView.luac	e2fcba2e75ed3290626d0fd739937333f66bd8817d3725288f72cab769c7f6b4	XOR-decoded original Lua 5.3 bytecode
code/Lua/bytecode/HuntMapActivity/Board/HuntMapActivityItemLayerModel.luac	5edc6259bf8bb6c3a3f7cdc34d5afacf207e5a9248125ffd12f597a2f1501d21	XOR-decoded original Lua 5.3 bytecode
code/Lua/bytecode/HuntMapActivity/HuntMapActivityDefinition.luac	e7253a7f04b227c91d8777bb8d566212a3c62e309ad51df0bb4277d117a43d02	XOR-decoded original Lua 5.3 bytecode
code/Lua/bytecode/HuntMapActivity/Map/Obstacle/Logic/HuntMapBaseObstacle.luac	29bf3af1549e8ea2395616b8ea96f11f5ed05aed7e8f9958cc7939b8dca07638	XOR-decoded original Lua 5.3 bytecode
code/Lua/bytecode/HuntMapActivity/Map/Obstacle/Logic/HuntMapCycleObstacle.luac	c66ea30d568f8fcf53b7ec262370148ecb4453e28884b7c7d512a17a8838a24e	XOR-decoded original Lua 5.3 bytecode
code/Lua/bytecode/HuntMapActivity/Map/Obstacle/Logic/HuntMapNormalObstacle.luac	510b1efb9d93231fe8697eabec6ff24ec00a10e10434efe57f1239136cb0d58e	XOR-decoded original Lua 5.3 bytecode
code/Lua/bytecode/HuntMapActivity/Map/Obstacle/Logic/HuntMapResidualObstacle.luac	a7e6ea26ed1f2a16bddfda8d39d7c76fc1ec579056b48b19d6e1606858a412bc	XOR-decoded original Lua 5.3 bytecode
code/Lua/bytecode/HuntMapActivity/Map/Obstacle/Logic/HuntMapTransformObstacle.luac	4c4dcf9bedab8e71ed83d6647bb9295f489ec3b3ddacd55b327b6eb76b680852	XOR-decoded original Lua 5.3 bytecode
code/Lua/bytecode/HuntMapActivity/Model/HuntMapActivityMapModel.luac	5cfdacce7d88dc1010ea7e4c921953178fc9ff24bb4a88b8a282071b31dcc1ec	XOR-decoded original Lua 5.3 bytecode
code/Lua/bytecode/HuntMapActivity/Model/HuntMapActivityModel.luac	f44f33236343095a9f86401a3455ea513c10b516903f2fc9693dda900f642aaf	XOR-decoded original Lua 5.3 bytecode
code/Lua/bytecode/HuntMapActivity/Model/HuntMapActivityTaskModel.luac	b00a245f94ccf561835a3db49dd0eacc0df47c08cf654df66f5b305ac9342e42	XOR-decoded original Lua 5.3 bytecode
code/Lua/bytecode/LuckyProduce/Model/LuckyProduceModel.luac	7f26dcaf8e9a129c416f9c1c889f3edb6895df30f55e13c931307d24da3e9d75	XOR-decoded original Lua 5.3 bytecode
code/Lua/bytecode/Model/Activity/ActivityManager.luac	1fe8aea83ee54133e568d6f3692f0f1cc6163e9aa7ab2452f81d26f4ccdd4f48	XOR-decoded original Lua 5.3 bytecode
code/Lua/bytecode/Model/Activity/ActivityTokenHelper.luac	1090fc8e4887ec1cb33d76db5e754c5823bf17c66be917a4d4d0838beca22bd9	XOR-decoded original Lua 5.3 bytecode
code/Lua/bytecode/Model/Activity/BaseActivityModel.luac	926267072e0757eef88eb1157f450d57506774ad967123508efb3db7261c06ee	XOR-decoded original Lua 5.3 bytecode
code/Lua/bytecode/Model/ConfigModel.luac	1528a857d34f8b636793ae41618321d08b3395e7997fade8095c300907fb1901	XOR-decoded original Lua 5.3 bytecode
code/Lua/bytecode/Model/DB/DBIdGenerator.luac	6e1c42f8363ae5b3f289a8cd9b11c373d5e38fb17557b2ac597e3dc8ecf574b3	XOR-decoded original Lua 5.3 bytecode
code/Lua/bytecode/Model/DB/DBTable.luac	d12c43a1255b00865e4fe526fe0896176810d3cbe3d542c7cd8891e568a6a590	XOR-decoded original Lua 5.3 bytecode
code/Lua/bytecode/Model/DB/DBTableManager.luac	a85f90c4fdcb824d0d93fd0adc6324da1d70e420e2877b7a72728fa98af266c8	XOR-decoded original Lua 5.3 bytecode
code/Lua/bytecode/Model/DB/DatabaseModel.luac	7fa485561675f59c80049463f93b53a36941a99acf9e5ec4da1e655bac44da98	XOR-decoded original Lua 5.3 bytecode
code/Lua/bytecode/Model/GameModel.luac	47cf2dda5d963e07a3d083a6fd5b139c4cbd9e03afca30c6c4437665f60f6bb0	XOR-decoded original Lua 5.3 bytecode
code/Lua/bytecode/Model/MapDataModel.luac	0bbd1365ac6ee22db37cc546873fbb483ef70223da2b1e33b13e3b1682917db4	XOR-decoded original Lua 5.3 bytecode
code/Lua/bytecode/Model/OpenFunctionModel.luac	045479701b4ae6cb7453eee3451c8ec4eee39cd710dfc79b2ec45416a03b624d	XOR-decoded original Lua 5.3 bytecode
code/Lua/bytecode/Model/PropItem/PropItemAccelerator.luac	a34baba4c42646df04bca7417526cbddc10b9fdf16fd3e60fe53e828b0debcbb	XOR-decoded original Lua 5.3 bytecode
code/Lua/bytecode/Model/PropItem/PropItemBase.luac	bf024c2e079b638ca0304f136ce5f3ae5697c578a30ee76fcdf9701438112d6c	XOR-decoded original Lua 5.3 bytecode
code/Lua/bytecode/Model/PropItem/PropItemEnergy4x.luac	b69ea9c065daf9d403040a0279178657c9a3c9fc0ba0c63162521ae094b60443	XOR-decoded original Lua 5.3 bytecode
code/Lua/bytecode/Model/PropItem/PropItemExtraOrder.luac	5e241532d9aec7fa3e0e942c2ceabd38743feb8c933d957cdd9033a598dea51a	XOR-decoded original Lua 5.3 bytecode
code/Lua/bytecode/Model/PropItem/PropItemInstance.luac	a96a494fdd907d817391b10a8de1ce5fe3b417c6fb0d1993141ab4ff017dbbbd	XOR-decoded original Lua 5.3 bytecode
code/Lua/bytecode/Model/PropItem/PropItemManager.luac	96c5e87704ec37cda6ce23e362ac462b88e3c2b3a1d436e210bfb8545a357648	XOR-decoded original Lua 5.3 bytecode
code/Lua/bytecode/Model/SceneManager.luac	a3ee15b5ba93785caf7a9151a1e9cf98214dd72f60b178d992ff25a7e456dd63	XOR-decoded original Lua 5.3 bytecode
code/Lua/bytecode/Model/Sync/SyncModel.luac	67832b5d4272bcdd7463fc1a328025b1d6af851a7131c59393ed32471f7639c3	XOR-decoded original Lua 5.3 bytecode
code/Lua/bytecode/Model/SystemConfigModel.luac	5ed34ebd5582ba7c6ad2050b1a1c44532fa9f2ca406b4a9cb61ac95f9cd6029b	XOR-decoded original Lua 5.3 bytecode
code/Lua/bytecode/Model/Tutorial/TutorialHelper.luac	7e618419815a0b811be59cd9e67a84ed1058dcdb4b644bef79da108536bbb340	XOR-decoded original Lua 5.3 bytecode
code/Lua/bytecode/Model/Tutorial/TutorialModel.luac	b7e179598d28c8c99d86089c8597e21461944df2f02dc2e3a904a6f067433be5	XOR-decoded original Lua 5.3 bytecode
code/Lua/bytecode/Model/UserData/EnergyModel.luac	f0412feb241ca2326330f11ff2ec2daeb86585f13b1a4986176bfe8682edda71	XOR-decoded original Lua 5.3 bytecode
code/Lua/bytecode/Model/UserData/LevelModel.luac	95b72597457fb21308028a60cddd1d0135b105254743d32099323263d1bf049b	XOR-decoded original Lua 5.3 bytecode
code/Lua/bytecode/Model/UserData/MiscModel.luac	33c6190fcd5dee40786d6a2df6da9638f55b973f8875785e646acd27ce18b581	XOR-decoded original Lua 5.3 bytecode
code/Lua/bytecode/Model/UserData/ModelHelper.luac	65e7601f84d54f27756b36054673b28e17f99864244edb06335567dd8de2f3a1	XOR-decoded original Lua 5.3 bytecode
code/Lua/bytecode/Model/UserData/PropertyDataManager.luac	e78804c1374185325be68f78cba7933ddb600a3fc5269eef14f7f88d3e41f9b8	XOR-decoded original Lua 5.3 bytecode
code/Lua/bytecode/Model/UserData/RewardApi.luac	5bcf4d386519d02b291b1e137348fcd30f9cc7ff9d6b6cd23cfe2adec9d4895d	XOR-decoded original Lua 5.3 bytecode
code/Lua/bytecode/Model/UserData/UserModel.luac	25488f4d9931ae7b2384c1f497e5108620b34bf182609a4439862323bf72bea7	XOR-decoded original Lua 5.3 bytecode
code/Lua/bytecode/NoCDTrain/Board/NoCDTrainBoardModel.luac	043e432905af1eb816bc013c02e73e879cfb8dcbc42146a79944c404c3d70752	XOR-decoded original Lua 5.3 bytecode
code/Lua/bytecode/NoCDTrain/Board/NoCDTrainBoardView.luac	fd3d6cca0d4972a1c3d49ec43070bd6157342fa78698fdbe315529e73052d811	XOR-decoded original Lua 5.3 bytecode
code/Lua/bytecode/NoCDTrain/Board/NoCDTrainItemLayerModel.luac	9b6e54d9db10caa4ed778179f7586c1f6d4a052f4dc058ec104823459461a406	XOR-decoded original Lua 5.3 bytecode
code/Lua/bytecode/NoCDTrain/Model/NoCDTrainModel.luac	eef8e1ef948383a5b90946f3f3aeb202cc69215f313fb8b2ed8a517948113980	XOR-decoded original Lua 5.3 bytecode
code/Lua/bytecode/NoCDTrain/NoCDTrainDefinition.luac	6372d16bcc78e389bb251cd31b2eea05fc044b386643f44c10535d17bcdb231f	XOR-decoded original Lua 5.3 bytecode
code/Lua/bytecode/TempItemActivity/TempItemModel.luac	624ffbf56e700352f17400ff9d049ec5f4c3e515b8f5a980818d4abad92e9f39	XOR-decoded original Lua 5.3 bytecode
code/Lua/bytecode/UI/Button/InventoryButton.luac	8f6f15de5d038cfef5999e55d40bb90a4691a68fa5f91f01281081640ce42a57	XOR-decoded original Lua 5.3 bytecode
code/Lua/bytecode/WheelItem/Model/WheelItemData.luac	f1ac06daa1c26c8bd25a99b43449948843a5676c350c8e5f2ffedb705a4eaf14	XOR-decoded original Lua 5.3 bytecode
code/Lua/bytecode/WheelItem/Model/WheelItemModel.luac	01166eaf3a9e2580c2bab18917c528ed96fee74d667a3947e3f8e401dde6337b	XOR-decoded original Lua 5.3 bytecode
code/Lua/decompiled/BalloonRewardItem/Model/BalloonRewardModel.lua	112a3dac49b07f3e070c2bb3a37880d36820c4db5cb23bf349475cf17617f289	unluac reconstructed Lua 5.3 source
code/Lua/decompiled/Board/Model/Base/BoardPosition.lua	ebb3c2907c1bb8a73689f4bc1334065da73c848877091bce6d7cb094d376b543	unluac reconstructed Lua 5.3 source
code/Lua/decompiled/Board/Model/Base/Matrix.lua	56cfe4214911508e206b616c1cf59e4dcb9d5fa0bbba610afe848bda1040cb0e	unluac reconstructed Lua 5.3 source
code/Lua/decompiled/Board/Model/Board/BaseActionBoardModel.lua	5d7e640b417e14928277f894a8a2a97ab21966a6eb1cedc2b32379d04d0dd364	unluac reconstructed Lua 5.3 source
code/Lua/decompiled/Board/Model/Board/BaseBoardModel.lua	1db0397de7560675bf43e7ff6a746717fa3f03ed69e3e123e43a01a0ed9ca403	unluac reconstructed Lua 5.3 source
code/Lua/decompiled/Board/Model/Board/BaseItemLayerModel.lua	433cd02653d904e85d6bc1132dcce3e1a599b700ea28282241da38990dc827af	unluac reconstructed Lua 5.3 source
code/Lua/decompiled/Board/Model/Board/BaseSceneBoardModel.lua	9cb11250792df1bebf43449b2bb494f477d9377be4235e29bb89acd6a6d391af	unluac reconstructed Lua 5.3 source
code/Lua/decompiled/Board/Model/Board/BaseUIBoardItemLayerModel.lua	42103fda4d4009256d2eb039066cec673ee616e33158ce434cb626a2f1f99702	unluac reconstructed Lua 5.3 source
code/Lua/decompiled/Board/Model/Board/BaseUIBoardModel.lua	1e4253b917afc5abc0507b784e78254e8d4109ef7fe05c625855f9050d1cf25b	unluac reconstructed Lua 5.3 source
code/Lua/decompiled/Board/Model/Board/BoardDefinition.lua	035d5ed268013c7b9b936060b72c2245b52312adca22b3cac9bfd5d562f997fa	unluac reconstructed Lua 5.3 source
code/Lua/decompiled/Board/Model/Board/ItemCacheModel.lua	dd04cacc3290a7917cd4cbacbf4127d64724d667fec0955906dbf3f96f0c2f9f	unluac reconstructed Lua 5.3 source
code/Lua/decompiled/Board/Model/Board/ItemChainHelper.lua	e587b8c1eba414f180f0218657643ece595a8fa943d1a27d1fae0b3db23ab164	unluac reconstructed Lua 5.3 source
code/Lua/decompiled/Board/Model/Board/ItemFixedSpreadModel.lua	af3c7fe273e2fc5d56ba63ab6d47a34572ebc88bae130a4a6af7c22d0ec7a0e4	unluac reconstructed Lua 5.3 source
code/Lua/decompiled/Board/Model/Board/ItemLuckySpreadModel.lua	35b646262c1cb1fd6714f70d4d6936914e029ad2754db727651f9e0fc0d2a08a	unluac reconstructed Lua 5.3 source
code/Lua/decompiled/Board/Model/Board/ItemManager.lua	594524cb28fd77e72517bab3dfd62b3b303aa635b66cf2e62691218a6c63c49e	unluac reconstructed Lua 5.3 source
code/Lua/decompiled/Board/Model/Board/ItemSpreadHelper.lua	bb78fb1b707dcebbdd13321d2e0f411f2f5c6c31c6eea26db0ec33203ca009a8	unluac reconstructed Lua 5.3 source
code/Lua/decompiled/Board/Model/Board/ItemStoreModel.lua	92e67e4433b1db4287c268d004ef44db1ff54c611bb2a0b1fb09b6737d9445fa	unluac reconstructed Lua 5.3 source
code/Lua/decompiled/Board/Model/Board/MainBoardModel.lua	2a10b31bcce9c3627d1b66f2eb65978c20db4806cdf6cae2e14b1e9cf3629ef5	unluac reconstructed Lua 5.3 source
code/Lua/decompiled/Board/Model/Board/SceneItemLayerModel.lua	83af4adef43fabde396deb075305aee27994d6e371065a9087d256e5a76889d9	unluac reconstructed Lua 5.3 source
code/Lua/decompiled/Board/Model/BoardModelHelper.lua	3365e22647cf66a2d7b54b8d879814305885d570081b47c606a19435e743a197	unluac reconstructed Lua 5.3 source
code/Lua/decompiled/Board/Model/Item/BaseItemComponent.lua	d74fc352b6ab0d3017655899b9a064eb841a7fd69c7976d5ba992802314cdda7	unluac reconstructed Lua 5.3 source
code/Lua/decompiled/Board/Model/Item/ItemBattery.lua	3b539f065c234a7fc2d840c3ce63242819ec7e3a0ed971b4dd63a546f56ba9c9	unluac reconstructed Lua 5.3 source
code/Lua/decompiled/Board/Model/Item/ItemBroom.lua	aa0cc592de370c96399f74112198f25412064916b42c4573701691b699700672	unluac reconstructed Lua 5.3 source
code/Lua/decompiled/Board/Model/Item/ItemBubble.lua	4672b763d6cbe7e0a96a90a27549109b9a82eb4069d1f0ddc4baf765cff6cc28	unluac reconstructed Lua 5.3 source
code/Lua/decompiled/Board/Model/Item/ItemCharge.lua	c63a66645f5f58cbd3087e19d0b311e7c691adc03ce7f2095f90773104f9e681	unluac reconstructed Lua 5.3 source
code/Lua/decompiled/Board/Model/Item/ItemChoose.lua	6f1993043448074c076584c4310966824f4e750933239175fa0b22a49e26481e	unluac reconstructed Lua 5.3 source
code/Lua/decompiled/Board/Model/Item/ItemCobweb.lua	4d910777596b65efded3edb48a3b7816551e45f7daba3e925ad12869adbdb911	unluac reconstructed Lua 5.3 source
code/Lua/decompiled/Board/Model/Item/ItemCollectable.lua	4230ce07fd9185dcbf42a4fd294687f64e285713b330a271319a11d61b0a2cc8	unluac reconstructed Lua 5.3 source
code/Lua/decompiled/Board/Model/Item/ItemDefinition.lua	824651f338f8d9c5f35eedb20df12ed93f0b67427456643bd97b3324959e940c	unluac reconstructed Lua 5.3 source
code/Lua/decompiled/Board/Model/Item/ItemDig.lua	849410110ba354bd8eecef5c77173d17f35ebe2810337b9488b393991dddc332	unluac reconstructed Lua 5.3 source
code/Lua/decompiled/Board/Model/Item/ItemExtraSpread.lua	ac7c7fa0f78f1d3b389457677173fef0e001e65ff1c641a6c409e8f79e607a67	unluac reconstructed Lua 5.3 source
code/Lua/decompiled/Board/Model/Item/ItemFall.lua	2d28257caf07d4a15f2e6fd6b7ad5b8cda6d83fc5a4c6d3c06c9e2226039ef68	unluac reconstructed Lua 5.3 source
code/Lua/decompiled/Board/Model/Item/ItemFreefallBoss.lua	8f26283513b2b1815eaec7b78fe1a595903e70110a0fbb57bc351e60e8166eef	unluac reconstructed Lua 5.3 source
code/Lua/decompiled/Board/Model/Item/ItemGray.lua	221e4eaa15c79f81d272cf6c2ed50111797a150c6889863f1e748563cb5807d8	unluac reconstructed Lua 5.3 source
code/Lua/decompiled/Board/Model/Item/ItemHuntCloudKey.lua	d35d8fced7823b6da57eec959e6b926ca5fe78e7119c4e968836b05409e2397d	unluac reconstructed Lua 5.3 source
code/Lua/decompiled/Board/Model/Item/ItemIce.lua	dabe816e9ce606ab19359bb011f274792e7189de4e946d64a15de3ef22dcb5e9	unluac reconstructed Lua 5.3 source
code/Lua/decompiled/Board/Model/Item/ItemMapBlocker.lua	0c6ec880f897a39a078dbac0309c02379470b5c8c8e4cc1380079c879921eaa0	unluac reconstructed Lua 5.3 source
code/Lua/decompiled/Board/Model/Item/ItemModel.lua	06994726462327cbbc5128e3c227af819c2a329e44aeb23e0f16ef6a6ba54548	unluac reconstructed Lua 5.3 source
code/Lua/decompiled/Board/Model/Item/ItemPaperBox.lua	4daf9d5b7f4e235165b191d55c805f36ca978b25a403c6ff5af21332b56da998	unluac reconstructed Lua 5.3 source
code/Lua/decompiled/Board/Model/Item/ItemPick.lua	bf2c97f9090b927977f38190a3ea2ea5b93ebb9a021734c5a80011050d83a250	unluac reconstructed Lua 5.3 source
code/Lua/decompiled/Board/Model/Item/ItemPortal.lua	0df6dc415f89768cd1c7e3decbaa51f8d952a6c1fd90ab2b1c9d733ca65cfaea	unluac reconstructed Lua 5.3 source
code/Lua/decompiled/Board/Model/Item/ItemRefreshOrder.lua	9aa4d0325f4611a8006013e36a5de2e9e75db5467b41dcd0d0a9d3b87ea006c7	unluac reconstructed Lua 5.3 source
code/Lua/decompiled/Board/Model/Item/ItemRune.lua	a71ea567f4c686b00719528c76f1191e9705ec82d6b1b6ad32dd026d24915bb4	unluac reconstructed Lua 5.3 source
code/Lua/decompiled/Board/Model/Item/ItemSand.lua	c15d8cd5840c3b8c1a966b915d4aa7ac6159b8de14f748fd272b5c87548bfeac	unluac reconstructed Lua 5.3 source
code/Lua/decompiled/Board/Model/Item/ItemSplit.lua	cafbd3c554f2e6f6705af8de3002594917b783b095d3967a0bdff105122fc866	unluac reconstructed Lua 5.3 source
code/Lua/decompiled/Board/Model/Item/ItemSpread.lua	ee63b0abe54bb653a5f926d29b9c726dd5d8731249d75fd3a9eb72596ae794c1	unluac reconstructed Lua 5.3 source
code/Lua/decompiled/Board/Model/Item/ItemSticker.lua	3b69410fa56a28dcb6ad0fd98ce4c463d53f6bd77b6f875bd7d6257fc55de88b	unluac reconstructed Lua 5.3 source
code/Lua/decompiled/Board/Model/Item/ItemSwallow.lua	092b1b53e98e44ba78443c40c7cbe628a786ff8882f70b8c8a62c95160f11d45	unluac reconstructed Lua 5.3 source
code/Lua/decompiled/Board/Model/Item/ItemSwallowChain.lua	5740036588c3dce6c1dccd88265f64a4f44b5f4a8b02ba5d0f108509ef7bf0d7	unluac reconstructed Lua 5.3 source
code/Lua/decompiled/Board/Model/Item/ItemToken.lua	95fc0df1dfa7361da48e73028263608b9d66a5313db681140ef670a0775bc5aa	unluac reconstructed Lua 5.3 source
code/Lua/decompiled/Board/Model/Item/ItemTransform.lua	a705774eac8a979c7e243c3303e4b8753944a0ee5b37dc5c2d6f16e5fd985396	unluac reconstructed Lua 5.3 source
code/Lua/decompiled/Board/Model/Item/ItemWheel.lua	0af7e6d6259fac2a21beeb0289ab21151c7ceaf61dba69e28f8d880f9079fe51	unluac reconstructed Lua 5.3 source
code/Lua/decompiled/Board/Model/ItemBoxSimilarUtility.lua	0280743c1154b5a019d6b27642975d0bb388914ea9c638ef71e6fbe87bafe581	unluac reconstructed Lua 5.3 source
code/Lua/decompiled/Board/Model/ItemChangeHelper.lua	fd26815e1428226e83d52dc0b257407d8f0f69124f2462d39e447a78be15ad14	unluac reconstructed Lua 5.3 source
code/Lua/decompiled/Board/Model/ItemDataModel.lua	d851f05e71840e41976b52252ed960f0508a8f8ab7d5f07a4df975bb3a9c6dfa	unluac reconstructed Lua 5.3 source
code/Lua/decompiled/Board/Model/ItemModelFactory.lua	57b71b3b5e6fec1d85efd282ec8434e22d1e5df15570e5c9300f60affe822956	unluac reconstructed Lua 5.3 source
code/Lua/decompiled/Board/Model/ItemUtility.lua	5d427405948ab5e5e1da775a6b84816fb3b891b67e8dc41aad1c3a3bf58d10f6	unluac reconstructed Lua 5.3 source
code/Lua/decompiled/Board/Model/Order/BaseMainActivityOrder.lua	5691f161e37b22745c6869c2aeed5c7f9c6f2e57a2606e5aebf1d33fada4f858	unluac reconstructed Lua 5.3 source
code/Lua/decompiled/Board/Model/Order/BaseOrder.lua	93eb4d8b376d4bbfea2eff5534d34da22efc625f8bd24da12d7219ff1de494e6	unluac reconstructed Lua 5.3 source
code/Lua/decompiled/Board/Model/Order/BaseOrderModel.lua	5c152c980bbf4101b7a39337d7c35415d4b30cda7d685f26b5e011c49f83328a	unluac reconstructed Lua 5.3 source
code/Lua/decompiled/Board/Model/Order/ClearOrderCreator.lua	4c96ab9691275262fea4f45945847849aa9e4c66435a74a0de1f49d7bd9f9b69	unluac reconstructed Lua 5.3 source
code/Lua/decompiled/Board/Model/Order/CurtainCallOrder.lua	77c48542b158cd8d885ece8d8b4c571cc456f38df1177ca6a024b6c2b826e0ea	unluac reconstructed Lua 5.3 source
code/Lua/decompiled/Board/Model/Order/CurtainCallOrderCreator.lua	5b57f86ad70e92e69fb4116eeea23e87083da0f4f2b97ed864975853b3fed287	unluac reconstructed Lua 5.3 source
code/Lua/decompiled/Board/Model/Order/FixedOrderCreator.lua	8bb4c0a089d9f5e13d68bf7343408a589ec6da5f01bec6a0e5727f1f3385b0bd	unluac reconstructed Lua 5.3 source
code/Lua/decompiled/Board/Model/Order/InsureOrderCreator.lua	6fd582346aef6b0d96347cd786af02ab0f0bf084183ea9703fa344cc3349efd4	unluac reconstructed Lua 5.3 source
code/Lua/decompiled/Board/Model/Order/LaneOrderCreator.lua	54f625ef54e4b72561ef6943df26111bab763e3c297c4da7e8c4818c6c2fb1fb	unluac reconstructed Lua 5.3 source
code/Lua/decompiled/Board/Model/Order/LuckyStarOrderCreator.lua	644f27e4b8ccd946a91f0a7b1c784ebc216001e2038a2126c1b5cea3571defe8	unluac reconstructed Lua 5.3 source
code/Lua/decompiled/Board/Model/Order/MainOrder.lua	b7191307287776807b6747bdb36f980df2776c576d2838dcde966079f616d7a7	unluac reconstructed Lua 5.3 source
code/Lua/decompiled/Board/Model/Order/MainOrderCreator.lua	5834c2a1ffc63607d328ac27d1afbcb5b4b0bae684206d9f70f86ed41ba89195	unluac reconstructed Lua 5.3 source
code/Lua/decompiled/Board/Model/Order/MainOrderModel.lua	369bc4255c17e7d4dc545378a9ed404f873474a023b39d25b0afefd0cbee7fce	unluac reconstructed Lua 5.3 source
code/Lua/decompiled/Board/Model/Order/OrderConfig.lua	748b313036af82dd9862cd527efcf7a11f5d5295535d73dc04b851e1b9fdd01b	unluac reconstructed Lua 5.3 source
code/Lua/decompiled/Board/Model/Order/RandomOrderCreator.lua	ea9e542c4ff035ed7e6a43d7f8d605d91ce93efb83ba20413886ffa0e73a224b	unluac reconstructed Lua 5.3 source
code/Lua/decompiled/Board/Model/Order/ReturningOrderCreator.lua	22288761f463abec083a02070ea908651509dafc04b17d1c1b55f04a88706755	unluac reconstructed Lua 5.3 source
code/Lua/decompiled/Board/View/BaseActionBoardView.lua	06af83b9a08b97e3c658c8896a5a7c5d0d707633cb2cbc1ae153aadb4f1d5048	unluac reconstructed Lua 5.3 source
code/Lua/decompiled/Board/View/BaseBoardView.lua	1e332c76d24ec12278a8679864f1ac8760690fd1863d919f2f5867d7c2926d68	unluac reconstructed Lua 5.3 source
code/Lua/decompiled/Board/View/BaseSceneBoardView.lua	0536902a725ac12368f6432bb841761bb247a3a3d1ade0ef25b86054ada1abef	unluac reconstructed Lua 5.3 source
code/Lua/decompiled/Board/View/BaseUIBoardView.lua	2652addd635d55e8e617bd87ec7b4d299055cc87d59b8c21fbd2e37279b3e6aa	unluac reconstructed Lua 5.3 source
code/Lua/decompiled/Board/View/BoardCacheRoot.lua	c83dc2905cc57949b6a2004d77cc872dd58648079db463a27cc7ec1adfdc8ef9	unluac reconstructed Lua 5.3 source
code/Lua/decompiled/Board/View/BoardPrompt.lua	c8fd3fb0281ed0722706fe5f64cf878cdce8e27310b1028ad7e2ec868bf56a71	unluac reconstructed Lua 5.3 source
code/Lua/decompiled/Board/View/Item/ItemView.lua	f8bed8cec0db5d744feba496be4c02eb6d4d841a07ebdb73751e932e319ece5b	unluac reconstructed Lua 5.3 source
code/Lua/decompiled/Board/View/MainBoardView.lua	f83a7941e310ff0d99f2a35acc2fc803a13d8380d0f0295c4b3ddbc2127aca98	unluac reconstructed Lua 5.3 source
code/Lua/decompiled/Board/View/Order/OrderCell.lua	5009c64cd71ba08986ec9b516b5329d24de0f6a3478a15c40f7732618597f92a	unluac reconstructed Lua 5.3 source
code/Lua/decompiled/BoxItem/Model/BoxItemDefinition.lua	854423e5ba48c1c28c1e58f4a9c28e596af7bb214e634256f960f429a168c213	unluac reconstructed Lua 5.3 source
code/Lua/decompiled/BoxItem/Model/BoxItemModel.lua	f8315e6e40ef97095b4485b13a150d7f10797934a3f5349d3a24d58691422112	unluac reconstructed Lua 5.3 source
code/Lua/decompiled/BoxItem/Model/RandomBoxData.lua	15e5da03c73a8f5ebc4cdf5a262126a0339204f81f866939684959e0aa8d9200	unluac reconstructed Lua 5.3 source
code/Lua/decompiled/CloudsDash/Board/CloudsDashHuntBoardModel.lua	a05f293a5cb590103042956da5901b8669722305be56681da6b9cf756dadc65d	unluac reconstructed Lua 5.3 source
code/Lua/decompiled/CloudsDash/Board/CloudsDashHuntBoardView.lua	788efd3ccd7649c658c2fe11523b4a60fdca8d33e07642f2bd40d334f61de058	unluac reconstructed Lua 5.3 source
code/Lua/decompiled/CloudsDash/Board/CloudsDashItemLayerModel.lua	fd24cceb65f2822e648b2cfda46c4dde31c825f34e3d839364706b16ef92ad27	unluac reconstructed Lua 5.3 source
code/Lua/decompiled/CloudsDash/CloudsDashDefinition.lua	27d7eaa9f4c21233b4159b6283a9575c37b47d4cf99e651b91b489976a2b6a01	unluac reconstructed Lua 5.3 source
code/Lua/decompiled/CloudsDash/Model/CloudsDashModel.lua	d5d87dbfc385c75c54a83c338081804f929754dcbfcbc05201a193ed3a615ff3	unluac reconstructed Lua 5.3 source
code/Lua/decompiled/Common/Event/EventDispatcher.lua	e2a8f69c9e95f8e51f968c4ce9dc108c09726b4461b27d702b4e7c38dd62b7c7	unluac reconstructed Lua 5.3 source
code/Lua/decompiled/Common/Event/PairEvent.lua	ec0c18ae71a95f03132d3e66cbf204b3e611e74169dabb5452a3938e88bafd14	unluac reconstructed Lua 5.3 source
code/Lua/decompiled/Common/GameConfig.lua	b18b24ce0fae2c3dc56580e0375deab045d3d295b987b9be436f72cc1397f4bc	unluac reconstructed Lua 5.3 source
code/Lua/decompiled/Common/Utility/PlayerPrefs.lua	597f8c9f571eb5b45c28db9089dd2ec5f89e1e13eeac4b42f97923fb04465b2c	unluac reconstructed Lua 5.3 source
code/Lua/decompiled/Common/Utility/PositionUtil.lua	bf7af429526fa7e78db157f366e4a39a48705aca3f688a35aea4ab036b400812	unluac reconstructed Lua 5.3 source
code/Lua/decompiled/Common/Utility/Scheduler.lua	93648ad93308ec541b3869846def72b35fd0bcd56175ac99ec3222880892e0eb	unluac reconstructed Lua 5.3 source
code/Lua/decompiled/Common/Utility/StringUtil.lua	0c77e5657f4d1ba5e127ab158ed79e3853a650b2fe9a6eb2a8a3b58048d5e4ee	unluac reconstructed Lua 5.3 source
code/Lua/decompiled/Common/Utility/Table.lua	dc58628efd2cc172f5ec6d6203a0945e1eb370e7cdbf67e21d26db2be263cdd7	unluac reconstructed Lua 5.3 source
code/Lua/decompiled/Common/Utility/TimeUtil.lua	b2ca849d288a4706141c9b74684412ee51d265fe72e38e147b5cd1caf8794694	unluac reconstructed Lua 5.3 source
code/Lua/decompiled/Common/Utility/Vector.lua	390289ee191c9d915f18568c5280f24369a0da8d97518aaf9fc756495e151823	unluac reconstructed Lua 5.3 source
code/Lua/decompiled/Drop/Board/DropActivityBoard.lua	105f3938822b7830eacbc95ddad22ceedcb9e855692453a26530821653eabb5d	unluac reconstructed Lua 5.3 source
code/Lua/decompiled/Drop/Board/DropActivityItemFactory.lua	e3efff6664b3062bc8d32fb81cc0b713a0b31c8cebe4f0e28686934304c554a4	unluac reconstructed Lua 5.3 source
code/Lua/decompiled/Drop/Board/Item/DropActivityBaseItem.lua	44e4b5aa0dc6bbbc161bf8ace3f058588c375c8ded6fda40d4fc15213e58d64d	unluac reconstructed Lua 5.3 source
code/Lua/decompiled/Drop/Board/Item/DropActivityFlyItem.lua	0e47e6203bb5d0c481d8c5345cc7a4ae26b0a6e7973c767ec5c7a00a9ee734f0	unluac reconstructed Lua 5.3 source
code/Lua/decompiled/Drop/Board/Item/DropActivityNormalItem.lua	19a8269179168f4a99392d8ab8c4aa9d680964a73c610e744d839ba38bedd7f1	unluac reconstructed Lua 5.3 source
code/Lua/decompiled/Drop/DropDefinition.lua	102fa30418081e9e760e304151f195b241b6e7225c4b3435888fd906594a38a7	unluac reconstructed Lua 5.3 source
code/Lua/decompiled/Drop/Model/DropModel.lua	5b287fc8a195ead9f4caf84800eb901f6db4b1f78f2ac6159386cccf4161195e	unluac reconstructed Lua 5.3 source
code/Lua/decompiled/FreefallActivity/Board/BoardPromptFreefall.lua	b1eaf009e8c834906d5b4d08b8e33951c25e8965251931bbd60d15acace6d8cb	unluac reconstructed Lua 5.3 source
code/Lua/decompiled/FreefallActivity/Board/FreefallActivityBoardModel.lua	5dcbb365c63d7185311f477abc525ddd02962ec3740a94f0f475d499e3631329	unluac reconstructed Lua 5.3 source
code/Lua/decompiled/FreefallActivity/Board/FreefallActivityBoardView.lua	50bd8ed27f935fb98fe3e2056c006b281382f047b0b5e1421632cefd0b7bbd9a	unluac reconstructed Lua 5.3 source
code/Lua/decompiled/FreefallActivity/Board/FreefallActivityItemLayerModel.lua	34e60e6a60f16e01443819e43c67492c680806d751b2ab710eebdb6f284bc40e	unluac reconstructed Lua 5.3 source
code/Lua/decompiled/FreefallActivity/FreefallActivityDefinition.lua	09e316f0014f8e7fd8905c7f0a8acf08a05810c23baaaed529cba09f792b7f7a	unluac reconstructed Lua 5.3 source
code/Lua/decompiled/FreefallActivity/Model/FreefallActivityModel.lua	e91876c8fff496a48b240904e4833fc37f32f6aac74be0d04b831a4572e37207	unluac reconstructed Lua 5.3 source
code/Lua/decompiled/HuntActivity/Common/Board/BoardPromptHunt.lua	58e59106cc385a99d6f95da0862c07845fc94a8aeba31ed4513cd26b02a5500d	unluac reconstructed Lua 5.3 source
code/Lua/decompiled/HuntActivity/Common/Board/HuntActivityBoardModel.lua	8b02b98fd78bdfe45764450f2a2f9b6b776950abf41ab81cebedda4e7fab0fdc	unluac reconstructed Lua 5.3 source
code/Lua/decompiled/HuntActivity/Common/Board/HuntActivityBoardView.lua	77435c77b9378455b26f9ee487fe9b9b35d369408fd6e39cf5eaa62f3028950b	unluac reconstructed Lua 5.3 source
code/Lua/decompiled/HuntActivity/Common/Board/HuntActivityItemLayerModel.lua	b5e369106ebad9b13df910f4c18f5c3f56df447fe6c5d8f595bad6d5b7f6cb93	unluac reconstructed Lua 5.3 source
code/Lua/decompiled/HuntActivity/Common/Board/HuntActivityItemTransformLayerModel.lua	81e0302fc8bc142cb3e10aa91486a19e31e8be2f26c89dfe7b6f6c364ffa8fca	unluac reconstructed Lua 5.3 source
code/Lua/decompiled/HuntActivity/Common/Board/HuntActivitySwallowLock.lua	6964ec27d560dbac3caf64f7a13cf643f9e087e5df3e027a0ea16ffd3cb1a735	unluac reconstructed Lua 5.3 source
code/Lua/decompiled/HuntActivity/Common/Board/ItemHuntAnim.lua	10b33e2c1def2d428b3d615115f0d3ef37f2297306c989c052b2b0216c35f247	unluac reconstructed Lua 5.3 source
code/Lua/decompiled/HuntActivity/Common/Board/ItemHuntMonster.lua	c79e33033216a1f265eb4f1ee34271a2cb4cb7af2194e4272f1f5e0b4d0d4792	unluac reconstructed Lua 5.3 source
code/Lua/decompiled/HuntActivity/Common/Board/ItemHuntSignature.lua	d20101596d6ea0817b3115e2646aed3ff90de04d87859fe3f9b83c003c35e9df	unluac reconstructed Lua 5.3 source
code/Lua/decompiled/HuntActivity/Common/Model/HuntActivityModel.lua	4abf3dabbb6f200367e0a4a2335af9c69c1ac1a6162e1e12b66874b30efca27d	unluac reconstructed Lua 5.3 source
code/Lua/decompiled/HuntActivity/Common/Model/HuntBookModel.lua	f5c1ff97ee242c012eb6a6f487d7b8c85511a67206f9a9ff7eb32076f0a4114e	unluac reconstructed Lua 5.3 source
code/Lua/decompiled/HuntActivity/Common/Model/HuntDoubleEnergy/HuntDoubleEnergyModel.lua	abc7e80ecb5dfd06cf2dd3e15f2c6c3b8f4d43915da756e1dc9b7fa913f5bd52	unluac reconstructed Lua 5.3 source
code/Lua/decompiled/HuntActivity/HuntActivityDefinition.lua	b7928f2f20471b1f3efc45c6ffe2e667999afe66c759ccc343bad1a1258e4de9	unluac reconstructed Lua 5.3 source
code/Lua/decompiled/HuntMapActivity/Board/BoardPromptHuntMap.lua	b231c294d20e340194f2dfdb2e0a24b615a39ec9acc882d4c1fda282f60c9c22	unluac reconstructed Lua 5.3 source
code/Lua/decompiled/HuntMapActivity/Board/HuntMapActivityBoardModel.lua	a8f73637ebee6257b18199da5e21a5b28662dc59e2201e98e0e7c7cdd1c9ff4f	unluac reconstructed Lua 5.3 source
code/Lua/decompiled/HuntMapActivity/Board/HuntMapActivityBoardView.lua	e0fd8e5e9c0e34a8b9004e62199c94d8d825eadd464332ce918eb2abd2619ed0	unluac reconstructed Lua 5.3 source
code/Lua/decompiled/HuntMapActivity/Board/HuntMapActivityItemLayerModel.lua	76935d4a2ad85375ac334cb4f6992389c8952ccf00aa43392c358454108d2e31	unluac reconstructed Lua 5.3 source
code/Lua/decompiled/HuntMapActivity/HuntMapActivityDefinition.lua	269efa87f6d764a7927b7e737d5ad7bb6fb0550897e5a89f0f8bb3b3aae73444	unluac reconstructed Lua 5.3 source
code/Lua/decompiled/HuntMapActivity/Map/Obstacle/Logic/HuntMapBaseObstacle.lua	ce6cd2f3858691b2a7e758364b2233e062efadda10e5bb8173e65b817814a852	unluac reconstructed Lua 5.3 source
code/Lua/decompiled/HuntMapActivity/Map/Obstacle/Logic/HuntMapCycleObstacle.lua	abbf879fa0ad9d2594dec9fa7702fbbb692df4e51b4222e6468894b0efb50df2	unluac reconstructed Lua 5.3 source
code/Lua/decompiled/HuntMapActivity/Map/Obstacle/Logic/HuntMapNormalObstacle.lua	aeb6c5b12dde682be09faffc8bcda9df95fe610588433bd4a3610dba62375bbd	unluac reconstructed Lua 5.3 source
code/Lua/decompiled/HuntMapActivity/Map/Obstacle/Logic/HuntMapResidualObstacle.lua	f35c41ec82ac745cc119e4bcce0c99eb861289f7cfd58526d60caa427915ce41	unluac reconstructed Lua 5.3 source
code/Lua/decompiled/HuntMapActivity/Map/Obstacle/Logic/HuntMapTransformObstacle.lua	a09dd061439981d9f46a0b4ec7d97f8620ac3422bd2f1816b97c2a037043b471	unluac reconstructed Lua 5.3 source
code/Lua/decompiled/HuntMapActivity/Model/HuntMapActivityMapModel.lua	6770d8e159e53cfd9925498e6e5996d2eb2b593dd7c678f6f42eae2b49e4933b	unluac reconstructed Lua 5.3 source
code/Lua/decompiled/HuntMapActivity/Model/HuntMapActivityModel.lua	7939a675646e1f276dbb4ec44be3d14e9fe146454c15e9c5538f5a1fbaf3c298	unluac reconstructed Lua 5.3 source
code/Lua/decompiled/HuntMapActivity/Model/HuntMapActivityTaskModel.lua	374ab9b7859ae6ed588ba2d88da702603f053ad47a9d66d326dd048cbc628d99	unluac reconstructed Lua 5.3 source
code/Lua/decompiled/LuckyProduce/Model/LuckyProduceModel.lua	f65accc2a261d3e98b56952e44bd0c2b00b9e75961c40ad71d5f9ff501ab0863	unluac reconstructed Lua 5.3 source
code/Lua/decompiled/Model/Activity/ActivityManager.lua	5a66b29babb12cefc41406e871f4d389ba5d9d65d7b8f94eae097004777f5be8	unluac reconstructed Lua 5.3 source
code/Lua/decompiled/Model/Activity/ActivityTokenHelper.lua	ea68bec88cabb85fc88108831d412c4082b2673de625a5404a08da1e46fb84b0	unluac reconstructed Lua 5.3 source
code/Lua/decompiled/Model/Activity/BaseActivityModel.lua	dde22344ad38f4ab99e4c9fd32904b9d04ce9a464dac4ca19a58f9e93322901f	unluac reconstructed Lua 5.3 source
code/Lua/decompiled/Model/ConfigModel.lua	51fc71563024296e542309964063b3c2b90e7a1414b64f79b56844c29ec993e1	unluac reconstructed Lua 5.3 source
code/Lua/decompiled/Model/DB/DBIdGenerator.lua	3e5f08add95f1758c7fdd71f988066d0ef79dbab0dfafcd8d6169507ef77ed2e	unluac reconstructed Lua 5.3 source
code/Lua/decompiled/Model/DB/DBTable.lua	12f931eaae3bdf474317be66ea79d2be253c90e76f7c5e8aae6abc7fdee728ce	unluac reconstructed Lua 5.3 source
code/Lua/decompiled/Model/DB/DBTableManager.lua	af2ca97fdadb3d688a74cbb54906d039d5ee883138180bdc311a560c7c1caeed	unluac reconstructed Lua 5.3 source
code/Lua/decompiled/Model/DB/DatabaseModel.lua	fb7099426aa6df482b15ae688b11d6a93a91a062860faeca1bb53c9ee2278816	unluac reconstructed Lua 5.3 source
code/Lua/decompiled/Model/GameModel.lua	8205a0ee187ed05911c516e4840cde7f714b62cf5a95dd2188243b632f385edf	unluac reconstructed Lua 5.3 source
code/Lua/decompiled/Model/MapDataModel.lua	954044d3233cf80e57c6ec325ed7ee9f52daf34292cf4b7c344c477aed5439ea	unluac reconstructed Lua 5.3 source
code/Lua/decompiled/Model/OpenFunctionModel.lua	d202b228a8f7cd1d71a3a83768cc13df4e70279f9463cc0b0c04de3b4ebf3890	unluac reconstructed Lua 5.3 source
code/Lua/decompiled/Model/PropItem/PropItemAccelerator.lua	699a27b036217d9eafd2558f62058385a3b3d8aa9416543df77fc683bc4b9eba	unluac reconstructed Lua 5.3 source
code/Lua/decompiled/Model/PropItem/PropItemBase.lua	1584c8f03b70ccf7fa664505b8cb5bd7a06021031aa92ab0560de6a991eac3b3	unluac reconstructed Lua 5.3 source
code/Lua/decompiled/Model/PropItem/PropItemEnergy4x.lua	d9291a4c7e9022f0e635a4a8c04a82c5e16e4b439b3055de3a96afec9ee34b8f	unluac reconstructed Lua 5.3 source
code/Lua/decompiled/Model/PropItem/PropItemExtraOrder.lua	ad3814000e28054430ea588f584f35c2aaad4c4b2265b14692dda464b9b38d12	unluac reconstructed Lua 5.3 source
code/Lua/decompiled/Model/PropItem/PropItemInstance.lua	afe7aac49a5a45fab182763bf90b20d3ae864b9d9895ed6c7594d15406b7015b	unluac reconstructed Lua 5.3 source
code/Lua/decompiled/Model/PropItem/PropItemManager.lua	c4e181d58564b4e3e7576bf863a45f12b157592b1bbb2c7f280e8f60ff411775	unluac reconstructed Lua 5.3 source
code/Lua/decompiled/Model/SceneManager.lua	14a3247ddc94ec84687da4096fd41ca75376f461a0b29c7137172d6e220eb0e9	unluac reconstructed Lua 5.3 source
code/Lua/decompiled/Model/Sync/SyncModel.lua	3f2320dbf1fde6f08a8051342a46664bdb431ac182350dff3be1ff9ca5a1fe91	unluac reconstructed Lua 5.3 source
code/Lua/decompiled/Model/SystemConfigModel.lua	a8bd0369ecfa150e5f4a806012389ee29f7d3da928b153179bea17850bdca85e	unluac reconstructed Lua 5.3 source
code/Lua/decompiled/Model/Tutorial/TutorialHelper.lua	6cb06d361470bdfcc2d9fc053879ea4ce99a730a158f72d9ce7b3df6e793e9b4	unluac reconstructed Lua 5.3 source
code/Lua/decompiled/Model/Tutorial/TutorialModel.lua	0c4dddda747d75dd2770a8d85aeecbd23f8dae08cd5685853b5b44e95f5459eb	unluac reconstructed Lua 5.3 source
code/Lua/decompiled/Model/UserData/EnergyModel.lua	496333887c6638d7477b4e17da2440f164ce8db3b7a80cfd498975f11eb69b88	unluac reconstructed Lua 5.3 source
code/Lua/decompiled/Model/UserData/LevelModel.lua	586e819bdccfefde801bb6a64f3e71bb8d239abbecafef4409667ceda8ebfdd3	unluac reconstructed Lua 5.3 source
code/Lua/decompiled/Model/UserData/MiscModel.lua	3141ba6e4d4cfa7fe2049c12ad76e64179b326ff2b01ebb34283796a21b10563	unluac reconstructed Lua 5.3 source
code/Lua/decompiled/Model/UserData/ModelHelper.lua	97cffae8eebefb83d9d4bc19db18411856393ece72dd501dacdbc84d6a821102	unluac reconstructed Lua 5.3 source
code/Lua/decompiled/Model/UserData/PropertyDataManager.lua	2f1cc20ad83f3e70fcc5fefdb21d9388674cd07466e3181866919f89b929cf04	unluac reconstructed Lua 5.3 source
code/Lua/decompiled/Model/UserData/RewardApi.lua	c2f48cba247198d3cb59331fe49f0e24be1ce7312f0d6dfb9efe09d8e5e767fa	unluac reconstructed Lua 5.3 source
code/Lua/decompiled/Model/UserData/UserModel.lua	a75dd446e3e7f532891db472d02849da8f0cec7ee82343373d1324538f576bc7	unluac reconstructed Lua 5.3 source
code/Lua/decompiled/NoCDTrain/Board/NoCDTrainBoardModel.lua	1f19e4137110b3936ebd16bcf923d44212f38ff767f6fb1b7759396e095bb42f	unluac reconstructed Lua 5.3 source
code/Lua/decompiled/NoCDTrain/Board/NoCDTrainBoardView.lua	f8524163e79b514ed9cd83e9b5d232cbb4c9ada671058b583469673d29b7e54b	unluac reconstructed Lua 5.3 source
code/Lua/decompiled/NoCDTrain/Board/NoCDTrainItemLayerModel.lua	6c80fced5c9baf58e146dad25516eeacd80f863aad79d0c8592130dec9f3f841	unluac reconstructed Lua 5.3 source
code/Lua/decompiled/NoCDTrain/Model/NoCDTrainModel.lua	0f317853d50fade20badcf3630b86112bc1d9c694370f60037badc5a33d7e65b	unluac reconstructed Lua 5.3 source
code/Lua/decompiled/NoCDTrain/NoCDTrainDefinition.lua	4e4b7aed863335cb88103e0622f078604b8b267616d948b3de46b1113cef85b6	unluac reconstructed Lua 5.3 source
code/Lua/decompiled/TempItemActivity/TempItemModel.lua	2476b97053349f9bd4ca597119cc525b2a2a73212675c091134792f09bc97c1e	unluac reconstructed Lua 5.3 source
code/Lua/decompiled/UI/Button/InventoryButton.lua	9a032454644c7d59a62843d81eba1d99d6f3aebb23e0bf2aa6111b0c0f9fd2fa	unluac reconstructed Lua 5.3 source
code/Lua/decompiled/WheelItem/Model/WheelItemData.lua	9a677fe04a55b931b65108e3048f33375072c21b1daeecb82ff09611e9db93f3	unluac reconstructed Lua 5.3 source
code/Lua/decompiled/WheelItem/Model/WheelItemModel.lua	cd7716b46bcf2e7bd594beb3d448b9c07bf6401fa53a21dc9812cb3144ad64ce	unluac reconstructed Lua 5.3 source
